school_id,class_id,section_id,student_id,treatment,test_score,post
1.0,1.0,1.0,1.0,T1,55.942066,Post
1.0,1.0,1.0,2.0,T2,77.17107,Post
1.0,1.0,1.0,3.0,T1,47.633476,Post
1.0,1.0,1.0,4.0,T2,39.106045,Post
1.0,1.0,1.0,5.0,T1,72.385574,Post
1.0,1.0,1.0,6.0,T2,46.4273,Post
1.0,1.0,1.0,7.0,T1,68.978,Post
1.0,1.0,1.0,8.0,T2,75.53006,Post
1.0,1.0,1.0,9.0,T2,65.58071,Post
1.0,1.0,1.0,10.0,T1,52.034412,Post
1.0,1.0,1.0,11.0,T2,62.879578,Post
1.0,1.0,1.0,12.0,T2,46.51527,Post
1.0,1.0,1.0,13.0,T2,71.97132,Post
1.0,1.0,1.0,14.0,T1,79.052055,Post
1.0,1.0,1.0,15.0,T1,53.92101,Post
1.0,1.0,1.0,16.0,T1,58.049763,Post
1.0,1.0,1.0,17.0,T1,70.95123,Post
1.0,1.0,1.0,18.0,T2,85.13097,Post
1.0,1.0,1.0,19.0,T2,73.418785,Post
1.0,1.0,1.0,20.0,T2,35.509678,Post
1.0,1.0,1.0,21.0,T2,71.62252,Post
1.0,1.0,1.0,22.0,T2,55.329735,Post
1.0,1.0,1.0,23.0,T1,53.296032,Post
1.0,1.0,1.0,24.0,T2,63.46225,Post
1.0,1.0,1.0,25.0,T1,66.175026,Post
1.0,1.0,1.0,26.0,T2,58.208214,Post
1.0,1.0,1.0,27.0,T1,81.76864,Post
1.0,1.0,1.0,28.0,T1,62.92553,Post
1.0,1.0,1.0,29.0,T1,70.65619,Post
1.0,1.0,1.0,30.0,T1,73.32486,Post
1.0,1.0,1.0,31.0,T1,57.293915,Post
1.0,1.0,1.0,32.0,T2,88.25787,Post
1.0,1.0,1.0,33.0,T2,66.412384,Post
1.0,1.0,1.0,34.0,T2,59.9028,Post
1.0,1.0,1.0,35.0,T2,88.12094,Post
1.0,1.0,1.0,36.0,T1,56.019665,Post
1.0,1.0,1.0,37.0,T2,69.16858,Post
1.0,1.0,2.0,1.0,Control,56.189842,Post
1.0,1.0,2.0,2.0,Control,55.898506,Post
1.0,1.0,2.0,3.0,Control,48.96979,Post
1.0,1.0,2.0,4.0,Control,54.08198,Post
1.0,1.0,2.0,5.0,Control,61.31344,Post
1.0,1.0,2.0,6.0,Control,69.383675,Post
1.0,1.0,2.0,7.0,Control,54.45469,Post
1.0,1.0,2.0,8.0,Control,50.839455,Post
1.0,1.0,2.0,9.0,Control,72.60327,Post
1.0,1.0,2.0,10.0,Control,53.11644,Post
1.0,1.0,2.0,11.0,Control,64.29128,Post
1.0,1.0,2.0,12.0,Control,67.106674,Post
1.0,1.0,2.0,13.0,Control,69.6436,Post
1.0,1.0,2.0,14.0,Control,55.320465,Post
1.0,1.0,2.0,15.0,Control,64.82339,Post
1.0,1.0,2.0,16.0,Control,46.25558,Post
1.0,1.0,2.0,17.0,Control,58.539143,Post
1.0,1.0,2.0,18.0,Control,50.806606,Post
1.0,1.0,2.0,19.0,Control,52.32636,Post
1.0,1.0,2.0,20.0,Control,50.583782,Post
1.0,1.0,2.0,21.0,Control,50.500072,Post
1.0,1.0,2.0,22.0,Control,51.53486,Post
1.0,1.0,2.0,23.0,Control,59.388805,Post
1.0,1.0,2.0,24.0,Control,32.804585,Post
1.0,1.0,2.0,25.0,Control,56.037563,Post
1.0,1.0,2.0,26.0,Control,47.985867,Post
1.0,1.0,2.0,27.0,Control,70.48414,Post
1.0,1.0,2.0,28.0,Control,71.35688,Post
1.0,1.0,2.0,29.0,Control,54.111713,Post
1.0,1.0,2.0,30.0,Control,53.661602,Post
1.0,1.0,2.0,31.0,Control,64.39415,Post
1.0,1.0,2.0,32.0,Control,57.366337,Post
1.0,1.0,2.0,33.0,Control,67.50167,Post
1.0,1.0,2.0,34.0,Control,67.855675,Post
1.0,1.0,2.0,35.0,Control,46.556694,Post
1.0,1.0,2.0,36.0,Control,41.96502,Post
1.0,1.0,2.0,37.0,Control,62.38357,Post
1.0,1.0,2.0,38.0,Control,35.639446,Post
1.0,2.0,1.0,1.0,T1,91.488235,Post
1.0,2.0,1.0,2.0,T1,91.914536,Post
1.0,2.0,1.0,3.0,T1,88.44753,Post
1.0,2.0,1.0,4.0,T2,87.89357,Post
1.0,2.0,1.0,5.0,T1,56.25714,Post
1.0,2.0,1.0,6.0,T2,69.38097,Post
1.0,2.0,1.0,7.0,T1,73.465576,Post
1.0,2.0,1.0,8.0,T2,56.664955,Post
1.0,2.0,1.0,9.0,T1,52.9327,Post
1.0,2.0,1.0,10.0,T1,53.28453,Post
1.0,2.0,1.0,11.0,T2,89.89984,Post
1.0,2.0,1.0,12.0,T1,57.997284,Post
1.0,2.0,1.0,13.0,T1,73.801445,Post
1.0,2.0,1.0,14.0,T2,82.5427,Post
1.0,2.0,1.0,15.0,T1,81.884796,Post
1.0,2.0,1.0,16.0,T2,70.98835,Post
1.0,2.0,1.0,17.0,T2,70.83974,Post
1.0,2.0,1.0,18.0,T2,65.60935,Post
1.0,2.0,1.0,19.0,T1,53.64494,Post
1.0,2.0,1.0,20.0,T1,58.89354,Post
1.0,2.0,1.0,21.0,T1,75.39792,Post
1.0,2.0,1.0,22.0,T1,60.06954,Post
1.0,2.0,1.0,23.0,T2,71.32382,Post
1.0,2.0,1.0,24.0,T2,70.34334,Post
1.0,2.0,1.0,25.0,T2,74.02024,Post
1.0,2.0,1.0,26.0,T2,70.10479,Post
1.0,2.0,1.0,27.0,T2,72.962814,Post
1.0,2.0,1.0,28.0,T2,77.02994,Post
1.0,2.0,1.0,29.0,T2,45.933628,Post
1.0,2.0,1.0,30.0,T1,90.051094,Post
1.0,2.0,1.0,31.0,T1,72.227425,Post
1.0,2.0,1.0,32.0,T1,74.47517,Post
1.0,2.0,1.0,33.0,T2,71.28894,Post
1.0,2.0,1.0,34.0,T2,54.380363,Post
1.0,2.0,1.0,35.0,T2,74.31626,Post
1.0,2.0,1.0,36.0,T2,50.622856,Post
1.0,2.0,1.0,37.0,T2,77.994125,Post
1.0,2.0,2.0,1.0,Control,54.326893,Post
1.0,2.0,2.0,2.0,Control,56.151676,Post
1.0,2.0,2.0,3.0,Control,72.86085,Post
1.0,2.0,2.0,4.0,Control,80.03863,Post
1.0,2.0,2.0,5.0,Control,54.02257,Post
1.0,2.0,2.0,6.0,Control,36.874577,Post
1.0,2.0,2.0,7.0,Control,49.333164,Post
1.0,2.0,2.0,8.0,Control,42.522808,Post
1.0,2.0,2.0,9.0,Control,39.84579,Post
1.0,2.0,2.0,10.0,Control,48.1657,Post
1.0,2.0,2.0,11.0,Control,69.12668,Post
1.0,2.0,2.0,12.0,Control,61.555405,Post
1.0,2.0,2.0,13.0,Control,52.288883,Post
1.0,2.0,2.0,14.0,Control,59.97913,Post
1.0,2.0,2.0,15.0,Control,42.348244,Post
1.0,2.0,2.0,16.0,Control,56.48983,Post
1.0,2.0,2.0,17.0,Control,75.69488,Post
1.0,2.0,2.0,18.0,Control,53.566063,Post
1.0,2.0,2.0,19.0,Control,64.43089,Post
1.0,2.0,2.0,20.0,Control,35.31779,Post
1.0,2.0,2.0,21.0,Control,57.33703,Post
1.0,2.0,2.0,22.0,Control,66.19025,Post
1.0,2.0,2.0,23.0,Control,48.74833,Post
1.0,2.0,2.0,24.0,Control,45.1611,Post
1.0,2.0,2.0,25.0,Control,58.998684,Post
1.0,2.0,2.0,26.0,Control,51.223232,Post
1.0,2.0,2.0,27.0,Control,58.942158,Post
1.0,2.0,2.0,28.0,Control,58.892776,Post
1.0,2.0,2.0,29.0,Control,58.17995,Post
1.0,2.0,2.0,30.0,Control,68.04558,Post
1.0,2.0,2.0,31.0,Control,49.41279,Post
1.0,2.0,2.0,32.0,Control,57.538498,Post
1.0,2.0,2.0,33.0,Control,36.134766,Post
1.0,2.0,2.0,34.0,Control,64.74295,Post
1.0,2.0,2.0,35.0,Control,51.07532,Post
1.0,2.0,2.0,36.0,Control,53.489967,Post
1.0,2.0,2.0,37.0,Control,57.692844,Post
1.0,2.0,2.0,38.0,Control,57.970444,Post
2.0,1.0,1.0,1.0,T2,62.023014,Post
2.0,1.0,1.0,2.0,T1,63.836826,Post
2.0,1.0,1.0,3.0,T1,64.46525,Post
2.0,1.0,1.0,4.0,T2,88.95334,Post
2.0,1.0,1.0,5.0,T2,44.715004,Post
2.0,1.0,1.0,6.0,T2,66.81452,Post
2.0,1.0,1.0,7.0,T1,74.73877,Post
2.0,1.0,1.0,8.0,T1,61.592216,Post
2.0,1.0,1.0,9.0,T1,76.612816,Post
2.0,1.0,1.0,10.0,T2,72.66806,Post
2.0,1.0,1.0,11.0,T2,84.56702,Post
2.0,1.0,1.0,12.0,T1,81.9051,Post
2.0,1.0,1.0,13.0,T1,59.83889,Post
2.0,1.0,1.0,14.0,T1,61.468517,Post
2.0,1.0,1.0,15.0,T1,75.0652,Post
2.0,1.0,1.0,16.0,T2,42.575428,Post
2.0,1.0,1.0,17.0,T2,77.07715,Post
2.0,1.0,1.0,18.0,T2,57.83227,Post
2.0,1.0,1.0,19.0,T1,51.370888,Post
2.0,1.0,1.0,20.0,T1,69.7133,Post
2.0,1.0,1.0,21.0,T2,54.73021,Post
2.0,1.0,1.0,22.0,T2,85.852196,Post
2.0,1.0,1.0,23.0,T1,84.35896,Post
2.0,1.0,1.0,24.0,T2,90.780815,Post
2.0,1.0,1.0,25.0,T2,85.74573,Post
2.0,1.0,1.0,26.0,T2,51.579277,Post
2.0,1.0,1.0,27.0,T1,89.39392,Post
2.0,1.0,1.0,28.0,T1,74.512115,Post
2.0,1.0,1.0,29.0,T1,72.60585,Post
2.0,1.0,1.0,30.0,T2,108.82579,Post
2.0,1.0,1.0,31.0,T1,54.62623,Post
2.0,1.0,1.0,32.0,T2,84.50944,Post
2.0,1.0,1.0,33.0,T2,65.81985,Post
2.0,1.0,1.0,34.0,T1,82.85635,Post
2.0,1.0,1.0,35.0,T2,59.08025,Post
2.0,1.0,1.0,36.0,T2,60.165104,Post
2.0,1.0,1.0,37.0,T2,62.045143,Post
2.0,1.0,2.0,1.0,Control,66.11706,Post
2.0,1.0,2.0,2.0,Control,69.73094,Post
2.0,1.0,2.0,3.0,Control,50.528664,Post
2.0,1.0,2.0,4.0,Control,66.44537,Post
2.0,1.0,2.0,5.0,Control,60.53866,Post
2.0,1.0,2.0,6.0,Control,65.951996,Post
2.0,1.0,2.0,7.0,Control,57.125114,Post
2.0,1.0,2.0,8.0,Control,48.62687,Post
2.0,1.0,2.0,9.0,Control,64.440475,Post
2.0,1.0,2.0,10.0,Control,65.67779,Post
2.0,1.0,2.0,11.0,Control,72.86336,Post
2.0,1.0,2.0,12.0,Control,68.08968,Post
2.0,1.0,2.0,13.0,Control,57.136127,Post
2.0,1.0,2.0,14.0,Control,50.166122,Post
2.0,1.0,2.0,15.0,Control,49.184326,Post
2.0,1.0,2.0,16.0,Control,50.274487,Post
2.0,1.0,2.0,17.0,Control,60.86359,Post
2.0,1.0,2.0,18.0,Control,48.04966,Post
2.0,1.0,2.0,19.0,Control,53.57268,Post
2.0,1.0,2.0,20.0,Control,69.90303,Post
2.0,1.0,2.0,21.0,Control,51.47126,Post
2.0,1.0,2.0,22.0,Control,66.8817,Post
2.0,1.0,2.0,23.0,Control,59.34787,Post
2.0,1.0,2.0,24.0,Control,49.323223,Post
2.0,1.0,2.0,25.0,Control,64.96128,Post
2.0,1.0,2.0,26.0,Control,64.690926,Post
2.0,1.0,2.0,27.0,Control,62.728256,Post
2.0,1.0,2.0,28.0,Control,49.89702,Post
2.0,1.0,2.0,29.0,Control,66.876114,Post
2.0,1.0,2.0,30.0,Control,59.666416,Post
2.0,1.0,2.0,31.0,Control,81.17924,Post
2.0,1.0,2.0,32.0,Control,51.40988,Post
2.0,1.0,2.0,33.0,Control,57.60821,Post
2.0,1.0,2.0,34.0,Control,50.968227,Post
2.0,1.0,2.0,35.0,Control,58.034916,Post
2.0,1.0,2.0,36.0,Control,60.000107,Post
2.0,1.0,2.0,37.0,Control,28.992281,Post
2.0,1.0,2.0,38.0,Control,60.633068,Post
2.0,2.0,1.0,1.0,T2,53.249817,Post
2.0,2.0,1.0,2.0,T1,89.20625,Post
2.0,2.0,1.0,3.0,T1,43.421562,Post
2.0,2.0,1.0,4.0,T2,62.910336,Post
2.0,2.0,1.0,5.0,T2,65.85484,Post
2.0,2.0,1.0,6.0,T1,79.01698,Post
2.0,2.0,1.0,7.0,T2,58.27513,Post
2.0,2.0,1.0,8.0,T2,60.118553,Post
2.0,2.0,1.0,9.0,T1,97.4016,Post
2.0,2.0,1.0,10.0,T2,50.17993,Post
2.0,2.0,1.0,11.0,T2,77.08173,Post
2.0,2.0,1.0,12.0,T1,70.264,Post
2.0,2.0,1.0,13.0,T2,68.26143,Post
2.0,2.0,1.0,14.0,T2,55.882763,Post
2.0,2.0,1.0,15.0,T1,101.61552,Post
2.0,2.0,1.0,16.0,T1,78.92456,Post
2.0,2.0,1.0,17.0,T2,75.71828,Post
2.0,2.0,1.0,18.0,T2,58.87338,Post
2.0,2.0,1.0,19.0,T1,66.01608,Post
2.0,2.0,1.0,20.0,T1,60.716087,Post
2.0,2.0,1.0,21.0,T1,54.093845,Post
2.0,2.0,1.0,22.0,T2,61.52446,Post
2.0,2.0,1.0,23.0,T1,59.584637,Post
2.0,2.0,1.0,24.0,T1,71.41395,Post
2.0,2.0,1.0,25.0,T2,52.787254,Post
2.0,2.0,1.0,26.0,T1,53.161156,Post
2.0,2.0,1.0,27.0,T2,43.675102,Post
2.0,2.0,1.0,28.0,T1,66.9081,Post
2.0,2.0,1.0,29.0,T2,89.53329,Post
2.0,2.0,1.0,30.0,T2,76.284546,Post
2.0,2.0,1.0,31.0,T1,71.41607,Post
2.0,2.0,1.0,32.0,T2,95.97291,Post
2.0,2.0,1.0,33.0,T2,69.455795,Post
2.0,2.0,1.0,34.0,T1,53.433422,Post
2.0,2.0,1.0,35.0,T2,69.77694,Post
2.0,2.0,1.0,36.0,T2,63.471664,Post
2.0,2.0,1.0,37.0,T1,73.19214,Post
2.0,2.0,2.0,1.0,Control,60.588215,Post
2.0,2.0,2.0,2.0,Control,59.40036,Post
2.0,2.0,2.0,3.0,Control,44.079002,Post
2.0,2.0,2.0,4.0,Control,66.11317,Post
2.0,2.0,2.0,5.0,Control,46.68897,Post
2.0,2.0,2.0,6.0,Control,56.07346,Post
2.0,2.0,2.0,7.0,Control,51.789234,Post
2.0,2.0,2.0,8.0,Control,48.196785,Post
2.0,2.0,2.0,9.0,Control,43.951706,Post
2.0,2.0,2.0,10.0,Control,61.536175,Post
2.0,2.0,2.0,11.0,Control,63.414593,Post
2.0,2.0,2.0,12.0,Control,59.00971,Post
2.0,2.0,2.0,13.0,Control,52.252632,Post
2.0,2.0,2.0,14.0,Control,59.760258,Post
2.0,2.0,2.0,15.0,Control,55.21366,Post
2.0,2.0,2.0,16.0,Control,59.58307,Post
2.0,2.0,2.0,17.0,Control,58.75304,Post
2.0,2.0,2.0,18.0,Control,43.242897,Post
2.0,2.0,2.0,19.0,Control,60.29729,Post
2.0,2.0,2.0,20.0,Control,60.87245,Post
2.0,2.0,2.0,21.0,Control,63.55766,Post
2.0,2.0,2.0,22.0,Control,55.634544,Post
2.0,2.0,2.0,23.0,Control,57.471275,Post
2.0,2.0,2.0,24.0,Control,53.494076,Post
2.0,2.0,2.0,25.0,Control,61.18392,Post
2.0,2.0,2.0,26.0,Control,73.17715,Post
2.0,2.0,2.0,27.0,Control,53.95292,Post
2.0,2.0,2.0,28.0,Control,46.62706,Post
2.0,2.0,2.0,29.0,Control,64.98488,Post
2.0,2.0,2.0,30.0,Control,61.21852,Post
2.0,2.0,2.0,31.0,Control,46.93443,Post
2.0,2.0,2.0,32.0,Control,60.9879,Post
2.0,2.0,2.0,33.0,Control,35.902687,Post
2.0,2.0,2.0,34.0,Control,64.742714,Post
2.0,2.0,2.0,35.0,Control,57.02231,Post
2.0,2.0,2.0,36.0,Control,68.49998,Post
2.0,2.0,2.0,37.0,Control,61.173073,Post
2.0,2.0,2.0,38.0,Control,53.586132,Post
3.0,1.0,1.0,1.0,T2,55.30213,Post
3.0,1.0,1.0,2.0,T2,55.06004,Post
3.0,1.0,1.0,3.0,T2,74.616035,Post
3.0,1.0,1.0,4.0,T2,89.26572,Post
3.0,1.0,1.0,5.0,T1,67.61325,Post
3.0,1.0,1.0,6.0,T1,69.61938,Post
3.0,1.0,1.0,7.0,T2,72.64746,Post
3.0,1.0,1.0,8.0,T1,58.102356,Post
3.0,1.0,1.0,9.0,T1,68.01385,Post
3.0,1.0,1.0,10.0,T2,71.984604,Post
3.0,1.0,1.0,11.0,T1,70.90411,Post
3.0,1.0,1.0,12.0,T1,68.67801,Post
3.0,1.0,1.0,13.0,T2,70.377205,Post
3.0,1.0,1.0,14.0,T2,83.58372,Post
3.0,1.0,1.0,15.0,T2,44.824017,Post
3.0,1.0,1.0,16.0,T1,51.324894,Post
3.0,1.0,1.0,17.0,T2,64.032776,Post
3.0,1.0,1.0,18.0,T1,87.62369,Post
3.0,1.0,1.0,19.0,T1,68.250374,Post
3.0,1.0,1.0,20.0,T1,59.33687,Post
3.0,1.0,1.0,21.0,T2,72.68315,Post
3.0,1.0,1.0,22.0,T1,78.29538,Post
3.0,1.0,1.0,23.0,T1,63.656883,Post
3.0,1.0,1.0,24.0,T2,33.34339,Post
3.0,1.0,1.0,25.0,T1,66.07142,Post
3.0,1.0,1.0,26.0,T1,59.148376,Post
3.0,1.0,1.0,27.0,T2,68.24431,Post
3.0,1.0,1.0,28.0,T1,80.69747,Post
3.0,1.0,1.0,29.0,T2,70.630325,Post
3.0,1.0,1.0,30.0,T2,77.91335,Post
3.0,1.0,1.0,31.0,T2,85.20308,Post
3.0,1.0,1.0,32.0,T2,68.60753,Post
3.0,1.0,1.0,33.0,T1,65.28529,Post
3.0,1.0,1.0,34.0,T2,64.38461,Post
3.0,1.0,1.0,35.0,T2,75.36343,Post
3.0,1.0,1.0,36.0,T1,70.09263,Post
3.0,1.0,1.0,37.0,T2,55.814346,Post
3.0,1.0,2.0,1.0,Control,47.566544,Post
3.0,1.0,2.0,2.0,Control,34.757183,Post
3.0,1.0,2.0,3.0,Control,56.64336,Post
3.0,1.0,2.0,4.0,Control,54.308544,Post
3.0,1.0,2.0,5.0,Control,53.77868,Post
3.0,1.0,2.0,6.0,Control,61.88264,Post
3.0,1.0,2.0,7.0,Control,50.44215,Post
3.0,1.0,2.0,8.0,Control,60.003777,Post
3.0,1.0,2.0,9.0,Control,41.30868,Post
3.0,1.0,2.0,10.0,Control,64.053406,Post
3.0,1.0,2.0,11.0,Control,41.043488,Post
3.0,1.0,2.0,12.0,Control,35.69422,Post
3.0,1.0,2.0,13.0,Control,61.972603,Post
3.0,1.0,2.0,14.0,Control,49.465626,Post
3.0,1.0,2.0,15.0,Control,51.430122,Post
3.0,1.0,2.0,16.0,Control,61.64025,Post
3.0,1.0,2.0,17.0,Control,71.97579,Post
3.0,1.0,2.0,18.0,Control,66.62809,Post
3.0,1.0,2.0,19.0,Control,44.61417,Post
3.0,1.0,2.0,20.0,Control,66.054085,Post
3.0,1.0,2.0,21.0,Control,56.87371,Post
3.0,1.0,2.0,22.0,Control,78.2702,Post
3.0,1.0,2.0,23.0,Control,62.802116,Post
3.0,1.0,2.0,24.0,Control,51.802387,Post
3.0,1.0,2.0,25.0,Control,54.697037,Post
3.0,1.0,2.0,26.0,Control,66.85405,Post
3.0,1.0,2.0,27.0,Control,58.537464,Post
3.0,1.0,2.0,28.0,Control,54.146435,Post
3.0,1.0,2.0,29.0,Control,58.180065,Post
3.0,1.0,2.0,30.0,Control,54.77051,Post
3.0,1.0,2.0,31.0,Control,40.28439,Post
3.0,1.0,2.0,32.0,Control,48.60867,Post
3.0,1.0,2.0,33.0,Control,67.99195,Post
3.0,1.0,2.0,34.0,Control,54.537735,Post
3.0,1.0,2.0,35.0,Control,53.29514,Post
3.0,1.0,2.0,36.0,Control,74.35286,Post
3.0,1.0,2.0,37.0,Control,50.22645,Post
3.0,1.0,2.0,38.0,Control,50.47486,Post
3.0,2.0,1.0,1.0,T2,70.65746,Post
3.0,2.0,1.0,2.0,T2,77.72766,Post
3.0,2.0,1.0,3.0,T1,50.395355,Post
3.0,2.0,1.0,4.0,T2,48.603165,Post
3.0,2.0,1.0,5.0,T1,58.38212,Post
3.0,2.0,1.0,6.0,T1,68.2545,Post
3.0,2.0,1.0,7.0,T1,74.12122,Post
3.0,2.0,1.0,8.0,T1,83.562164,Post
3.0,2.0,1.0,9.0,T2,56.47671,Post
3.0,2.0,1.0,10.0,T2,77.67912,Post
3.0,2.0,1.0,11.0,T1,69.43659,Post
3.0,2.0,1.0,12.0,T2,81.49859,Post
3.0,2.0,1.0,13.0,T1,66.79463,Post
3.0,2.0,1.0,14.0,T2,64.25786,Post
3.0,2.0,1.0,15.0,T2,57.467823,Post
3.0,2.0,1.0,16.0,T2,76.243904,Post
3.0,2.0,1.0,17.0,T1,49.35442,Post
3.0,2.0,1.0,18.0,T1,54.238026,Post
3.0,2.0,1.0,19.0,T2,87.48931,Post
3.0,2.0,1.0,20.0,T1,80.38984,Post
3.0,2.0,1.0,21.0,T1,82.10248,Post
3.0,2.0,1.0,22.0,T2,69.237366,Post
3.0,2.0,1.0,23.0,T2,96.59237,Post
3.0,2.0,1.0,24.0,T2,86.5941,Post
3.0,2.0,1.0,25.0,T1,64.507034,Post
3.0,2.0,1.0,26.0,T2,82.37318,Post
3.0,2.0,1.0,27.0,T1,54.80066,Post
3.0,2.0,1.0,28.0,T2,41.514053,Post
3.0,2.0,1.0,29.0,T2,74.8958,Post
3.0,2.0,1.0,30.0,T1,77.77435,Post
3.0,2.0,1.0,31.0,T1,62.168617,Post
3.0,2.0,1.0,32.0,T2,72.51176,Post
3.0,2.0,1.0,33.0,T2,45.25505,Post
3.0,2.0,1.0,34.0,T1,83.526596,Post
3.0,2.0,1.0,35.0,T1,64.795296,Post
3.0,2.0,1.0,36.0,T2,73.06543,Post
3.0,2.0,1.0,37.0,T2,72.68756,Post
3.0,2.0,2.0,1.0,Control,64.20353,Post
3.0,2.0,2.0,2.0,Control,75.42076,Post
3.0,2.0,2.0,3.0,Control,69.68816,Post
3.0,2.0,2.0,4.0,Control,57.317,Post
3.0,2.0,2.0,5.0,Control,58.93776,Post
3.0,2.0,2.0,6.0,Control,73.50827,Post
3.0,2.0,2.0,7.0,Control,51.09395,Post
3.0,2.0,2.0,8.0,Control,64.19977,Post
3.0,2.0,2.0,9.0,Control,70.30361,Post
3.0,2.0,2.0,10.0,Control,56.84952,Post
3.0,2.0,2.0,11.0,Control,42.79262,Post
3.0,2.0,2.0,12.0,Control,47.041462,Post
3.0,2.0,2.0,13.0,Control,57.76628,Post
3.0,2.0,2.0,14.0,Control,46.10816,Post
3.0,2.0,2.0,15.0,Control,55.802406,Post
3.0,2.0,2.0,16.0,Control,59.424706,Post
3.0,2.0,2.0,17.0,Control,67.07989,Post
3.0,2.0,2.0,18.0,Control,55.552597,Post
3.0,2.0,2.0,19.0,Control,57.579906,Post
3.0,2.0,2.0,20.0,Control,47.964043,Post
3.0,2.0,2.0,21.0,Control,35.245342,Post
3.0,2.0,2.0,22.0,Control,40.20862,Post
3.0,2.0,2.0,23.0,Control,74.57357,Post
3.0,2.0,2.0,24.0,Control,20.310236,Post
3.0,2.0,2.0,25.0,Control,54.34471,Post
3.0,2.0,2.0,26.0,Control,81.275314,Post
3.0,2.0,2.0,27.0,Control,51.03203,Post
3.0,2.0,2.0,28.0,Control,58.08834,Post
3.0,2.0,2.0,29.0,Control,59.159824,Post
3.0,2.0,2.0,30.0,Control,63.12042,Post
3.0,2.0,2.0,31.0,Control,58.381474,Post
3.0,2.0,2.0,32.0,Control,60.766945,Post
3.0,2.0,2.0,33.0,Control,65.102036,Post
3.0,2.0,2.0,34.0,Control,57.617115,Post
3.0,2.0,2.0,35.0,Control,34.715176,Post
3.0,2.0,2.0,36.0,Control,26.817564,Post
3.0,2.0,2.0,37.0,Control,56.145508,Post
3.0,2.0,2.0,38.0,Control,40.53252,Post
4.0,1.0,1.0,1.0,T1,63.82579,Post
4.0,1.0,1.0,2.0,T2,74.265724,Post
4.0,1.0,1.0,3.0,T1,58.851715,Post
4.0,1.0,1.0,4.0,T2,87.05091,Post
4.0,1.0,1.0,5.0,T1,79.922874,Post
4.0,1.0,1.0,6.0,T1,75.035416,Post
4.0,1.0,1.0,7.0,T2,71.09564,Post
4.0,1.0,1.0,8.0,T1,75.71024,Post
4.0,1.0,1.0,9.0,T2,82.86438,Post
4.0,1.0,1.0,10.0,T2,59.42655,Post
4.0,1.0,1.0,11.0,T2,54.06962,Post
4.0,1.0,1.0,12.0,T2,65.12314,Post
4.0,1.0,1.0,13.0,T2,56.798843,Post
4.0,1.0,1.0,14.0,T1,73.24906,Post
4.0,1.0,1.0,15.0,T1,76.693855,Post
4.0,1.0,1.0,16.0,T2,63.3892,Post
4.0,1.0,1.0,17.0,T1,68.84832,Post
4.0,1.0,1.0,18.0,T1,93.173416,Post
4.0,1.0,1.0,19.0,T1,57.04458,Post
4.0,1.0,1.0,20.0,T1,72.78778,Post
4.0,1.0,1.0,21.0,T2,62.294884,Post
4.0,1.0,1.0,22.0,T2,58.151268,Post
4.0,1.0,1.0,23.0,T1,74.780655,Post
4.0,1.0,1.0,24.0,T1,73.725845,Post
4.0,1.0,1.0,25.0,T1,67.94331,Post
4.0,1.0,1.0,26.0,T2,76.60433,Post
4.0,1.0,1.0,27.0,T1,86.236374,Post
4.0,1.0,1.0,28.0,T2,72.073944,Post
4.0,1.0,1.0,29.0,T2,78.54205,Post
4.0,1.0,1.0,30.0,T2,62.785618,Post
4.0,1.0,1.0,31.0,T2,67.15801,Post
4.0,1.0,1.0,32.0,T1,67.33666,Post
4.0,1.0,1.0,33.0,T1,88.83031,Post
4.0,1.0,1.0,34.0,T2,95.712875,Post
4.0,1.0,1.0,35.0,T2,81.67543,Post
4.0,1.0,1.0,36.0,T2,73.00589,Post
4.0,1.0,1.0,37.0,T2,100.83705,Post
4.0,1.0,2.0,1.0,Control,58.302467,Post
4.0,1.0,2.0,2.0,Control,50.468464,Post
4.0,1.0,2.0,3.0,Control,54.584496,Post
4.0,1.0,2.0,4.0,Control,58.054012,Post
4.0,1.0,2.0,5.0,Control,43.367985,Post
4.0,1.0,2.0,6.0,Control,75.106384,Post
4.0,1.0,2.0,7.0,Control,56.187344,Post
4.0,1.0,2.0,8.0,Control,48.9935,Post
4.0,1.0,2.0,9.0,Control,49.347942,Post
4.0,1.0,2.0,10.0,Control,41.393272,Post
4.0,1.0,2.0,11.0,Control,50.186356,Post
4.0,1.0,2.0,12.0,Control,62.167885,Post
4.0,1.0,2.0,13.0,Control,43.579235,Post
4.0,1.0,2.0,14.0,Control,45.60022,Post
4.0,1.0,2.0,15.0,Control,66.62176,Post
4.0,1.0,2.0,16.0,Control,48.311893,Post
4.0,1.0,2.0,17.0,Control,51.52448,Post
4.0,1.0,2.0,18.0,Control,63.271805,Post
4.0,1.0,2.0,19.0,Control,65.02629,Post
4.0,1.0,2.0,20.0,Control,65.8077,Post
4.0,1.0,2.0,21.0,Control,53.05303,Post
4.0,1.0,2.0,22.0,Control,69.988785,Post
4.0,1.0,2.0,23.0,Control,39.71352,Post
4.0,1.0,2.0,24.0,Control,63.509293,Post
4.0,1.0,2.0,25.0,Control,63.116,Post
4.0,1.0,2.0,26.0,Control,61.936913,Post
4.0,1.0,2.0,27.0,Control,51.925457,Post
4.0,1.0,2.0,28.0,Control,48.45099,Post
4.0,1.0,2.0,29.0,Control,72.572685,Post
4.0,1.0,2.0,30.0,Control,38.83972,Post
4.0,1.0,2.0,31.0,Control,64.09158,Post
4.0,1.0,2.0,32.0,Control,57.96972,Post
4.0,1.0,2.0,33.0,Control,61.149174,Post
4.0,1.0,2.0,34.0,Control,65.42492,Post
4.0,1.0,2.0,35.0,Control,62.373318,Post
4.0,1.0,2.0,36.0,Control,84.00808,Post
4.0,1.0,2.0,37.0,Control,43.432465,Post
4.0,1.0,2.0,38.0,Control,54.19931,Post
4.0,2.0,1.0,1.0,T1,59.12746,Post
4.0,2.0,1.0,2.0,T2,57.30877,Post
4.0,2.0,1.0,3.0,T1,57.117092,Post
4.0,2.0,1.0,4.0,T2,91.01821,Post
4.0,2.0,1.0,5.0,T2,67.019516,Post
4.0,2.0,1.0,6.0,T1,53.199894,Post
4.0,2.0,1.0,7.0,T2,63.628735,Post
4.0,2.0,1.0,8.0,T2,76.81869,Post
4.0,2.0,1.0,9.0,T1,61.34977,Post
4.0,2.0,1.0,10.0,T2,55.4793,Post
4.0,2.0,1.0,11.0,T1,61.128296,Post
4.0,2.0,1.0,12.0,T1,77.56509,Post
4.0,2.0,1.0,13.0,T2,58.286125,Post
4.0,2.0,1.0,14.0,T1,68.958435,Post
4.0,2.0,1.0,15.0,T2,52.457993,Post
4.0,2.0,1.0,16.0,T2,78.804924,Post
4.0,2.0,1.0,17.0,T2,62.511566,Post
4.0,2.0,1.0,18.0,T1,68.20573,Post
4.0,2.0,1.0,19.0,T2,70.658714,Post
4.0,2.0,1.0,20.0,T2,80.8154,Post
4.0,2.0,1.0,21.0,T1,72.37236,Post
4.0,2.0,1.0,22.0,T1,67.723526,Post
4.0,2.0,1.0,23.0,T2,72.351746,Post
4.0,2.0,1.0,24.0,T2,76.25548,Post
4.0,2.0,1.0,25.0,T2,76.839294,Post
4.0,2.0,1.0,26.0,T2,74.26437,Post
4.0,2.0,1.0,27.0,T2,75.532394,Post
4.0,2.0,1.0,28.0,T1,53.9258,Post
4.0,2.0,1.0,29.0,T1,62.921295,Post
4.0,2.0,1.0,30.0,T1,52.46188,Post
4.0,2.0,1.0,31.0,T1,77.23446,Post
4.0,2.0,1.0,32.0,T2,79.96059,Post
4.0,2.0,1.0,33.0,T2,66.96984,Post
4.0,2.0,1.0,34.0,T1,69.584335,Post
4.0,2.0,1.0,35.0,T2,68.87542,Post
4.0,2.0,1.0,36.0,T1,65.28407,Post
4.0,2.0,1.0,37.0,T1,92.372536,Post
4.0,2.0,2.0,1.0,Control,50.994244,Post
4.0,2.0,2.0,2.0,Control,43.65606,Post
4.0,2.0,2.0,3.0,Control,65.089836,Post
4.0,2.0,2.0,4.0,Control,47.26683,Post
4.0,2.0,2.0,5.0,Control,46.43479,Post
4.0,2.0,2.0,6.0,Control,59.90209,Post
4.0,2.0,2.0,7.0,Control,69.44288,Post
4.0,2.0,2.0,8.0,Control,59.64223,Post
4.0,2.0,2.0,9.0,Control,54.386322,Post
4.0,2.0,2.0,10.0,Control,53.912487,Post
4.0,2.0,2.0,11.0,Control,60.333305,Post
4.0,2.0,2.0,12.0,Control,43.469692,Post
4.0,2.0,2.0,13.0,Control,60.540817,Post
4.0,2.0,2.0,14.0,Control,70.89539,Post
4.0,2.0,2.0,15.0,Control,47.716038,Post
4.0,2.0,2.0,16.0,Control,46.95678,Post
4.0,2.0,2.0,17.0,Control,37.67334,Post
4.0,2.0,2.0,18.0,Control,67.233154,Post
4.0,2.0,2.0,19.0,Control,58.687744,Post
4.0,2.0,2.0,20.0,Control,61.878056,Post
4.0,2.0,2.0,21.0,Control,71.49611,Post
4.0,2.0,2.0,22.0,Control,52.743263,Post
4.0,2.0,2.0,23.0,Control,70.06124,Post
4.0,2.0,2.0,24.0,Control,35.72629,Post
4.0,2.0,2.0,25.0,Control,77.987076,Post
4.0,2.0,2.0,26.0,Control,52.850544,Post
4.0,2.0,2.0,27.0,Control,52.575275,Post
4.0,2.0,2.0,28.0,Control,70.931404,Post
4.0,2.0,2.0,29.0,Control,54.509457,Post
4.0,2.0,2.0,30.0,Control,64.499504,Post
4.0,2.0,2.0,31.0,Control,75.47154,Post
4.0,2.0,2.0,32.0,Control,45.55052,Post
4.0,2.0,2.0,33.0,Control,54.141373,Post
4.0,2.0,2.0,34.0,Control,53.72632,Post
4.0,2.0,2.0,35.0,Control,63.358288,Post
4.0,2.0,2.0,36.0,Control,70.23418,Post
4.0,2.0,2.0,37.0,Control,58.149433,Post
4.0,2.0,2.0,38.0,Control,59.083595,Post
5.0,1.0,1.0,1.0,T2,106.190544,Post
5.0,1.0,1.0,2.0,T1,72.83897,Post
5.0,1.0,1.0,3.0,T2,61.265045,Post
5.0,1.0,1.0,4.0,T1,80.720245,Post
5.0,1.0,1.0,5.0,T1,71.44708,Post
5.0,1.0,1.0,6.0,T2,78.014694,Post
5.0,1.0,1.0,7.0,T1,67.60128,Post
5.0,1.0,1.0,8.0,T1,86.34898,Post
5.0,1.0,1.0,9.0,T2,70.668465,Post
5.0,1.0,1.0,10.0,T2,71.60234,Post
5.0,1.0,1.0,11.0,T2,86.73729,Post
5.0,1.0,1.0,12.0,T1,66.87151,Post
5.0,1.0,1.0,13.0,T1,71.02121,Post
5.0,1.0,1.0,14.0,T2,67.33798,Post
5.0,1.0,1.0,15.0,T1,54.132923,Post
5.0,1.0,1.0,16.0,T1,72.64082,Post
5.0,1.0,1.0,17.0,T1,83.41693,Post
5.0,1.0,1.0,18.0,T1,87.52852,Post
5.0,1.0,1.0,19.0,T2,89.22972,Post
5.0,1.0,1.0,20.0,T2,70.73246,Post
5.0,1.0,1.0,21.0,T2,76.89167,Post
5.0,1.0,1.0,22.0,T2,74.49783,Post
5.0,1.0,1.0,23.0,T1,81.75436,Post
5.0,1.0,1.0,24.0,T1,78.445694,Post
5.0,1.0,1.0,25.0,T2,70.22649,Post
5.0,1.0,1.0,26.0,T1,76.54793,Post
5.0,1.0,1.0,27.0,T2,75.65068,Post
5.0,1.0,1.0,28.0,T2,58.22466,Post
5.0,1.0,1.0,29.0,T2,83.38348,Post
5.0,1.0,1.0,30.0,T1,90.24371,Post
5.0,1.0,1.0,31.0,T1,69.1925,Post
5.0,1.0,1.0,32.0,T2,75.04899,Post
5.0,1.0,1.0,33.0,T2,72.7075,Post
5.0,1.0,1.0,34.0,T1,71.31981,Post
5.0,1.0,1.0,35.0,T2,92.25266,Post
5.0,1.0,1.0,36.0,T2,67.445656,Post
5.0,1.0,1.0,37.0,T2,73.626785,Post
5.0,1.0,2.0,1.0,Control,53.925064,Post
5.0,1.0,2.0,2.0,Control,64.12002,Post
5.0,1.0,2.0,3.0,Control,64.932915,Post
5.0,1.0,2.0,4.0,Control,83.21551,Post
5.0,1.0,2.0,5.0,Control,57.720432,Post
5.0,1.0,2.0,6.0,Control,49.040806,Post
5.0,1.0,2.0,7.0,Control,51.40559,Post
5.0,1.0,2.0,8.0,Control,60.193306,Post
5.0,1.0,2.0,9.0,Control,41.575405,Post
5.0,1.0,2.0,10.0,Control,55.521152,Post
5.0,1.0,2.0,11.0,Control,61.41808,Post
5.0,1.0,2.0,12.0,Control,53.161633,Post
5.0,1.0,2.0,13.0,Control,67.54654,Post
5.0,1.0,2.0,14.0,Control,59.487938,Post
5.0,1.0,2.0,15.0,Control,59.76718,Post
5.0,1.0,2.0,16.0,Control,56.50977,Post
5.0,1.0,2.0,17.0,Control,64.74396,Post
5.0,1.0,2.0,18.0,Control,51.631622,Post
5.0,1.0,2.0,19.0,Control,51.453297,Post
5.0,1.0,2.0,20.0,Control,62.790405,Post
5.0,1.0,2.0,21.0,Control,65.58692,Post
5.0,1.0,2.0,22.0,Control,58.251144,Post
5.0,1.0,2.0,23.0,Control,59.249847,Post
5.0,1.0,2.0,24.0,Control,58.331882,Post
5.0,1.0,2.0,25.0,Control,47.397503,Post
5.0,1.0,2.0,26.0,Control,59.272423,Post
5.0,1.0,2.0,27.0,Control,69.53099,Post
5.0,1.0,2.0,28.0,Control,49.32258,Post
5.0,1.0,2.0,29.0,Control,53.42586,Post
5.0,1.0,2.0,30.0,Control,70.222725,Post
5.0,1.0,2.0,31.0,Control,52.856113,Post
5.0,1.0,2.0,32.0,Control,41.6115,Post
5.0,1.0,2.0,33.0,Control,62.262066,Post
5.0,1.0,2.0,34.0,Control,45.81305,Post
5.0,1.0,2.0,35.0,Control,64.27404,Post
5.0,1.0,2.0,36.0,Control,48.172203,Post
5.0,1.0,2.0,37.0,Control,56.487843,Post
5.0,1.0,2.0,38.0,Control,68.994804,Post
5.0,2.0,1.0,1.0,T1,59.08893,Post
5.0,2.0,1.0,2.0,T2,80.87944,Post
5.0,2.0,1.0,3.0,T2,56.397728,Post
5.0,2.0,1.0,4.0,T2,95.08008,Post
5.0,2.0,1.0,5.0,T2,61.345596,Post
5.0,2.0,1.0,6.0,T1,73.10262,Post
5.0,2.0,1.0,7.0,T1,65.58227,Post
5.0,2.0,1.0,8.0,T2,86.33577,Post
5.0,2.0,1.0,9.0,T2,88.36148,Post
5.0,2.0,1.0,10.0,T2,81.841835,Post
5.0,2.0,1.0,11.0,T2,36.590694,Post
5.0,2.0,1.0,12.0,T2,56.63307,Post
5.0,2.0,1.0,13.0,T1,57.479145,Post
5.0,2.0,1.0,14.0,T1,74.136154,Post
5.0,2.0,1.0,15.0,T2,68.34111,Post
5.0,2.0,1.0,16.0,T2,79.995895,Post
5.0,2.0,1.0,17.0,T1,81.34621,Post
5.0,2.0,1.0,18.0,T1,64.776474,Post
5.0,2.0,1.0,19.0,T2,81.7883,Post
5.0,2.0,1.0,20.0,T2,63.970886,Post
5.0,2.0,1.0,21.0,T2,62.697536,Post
5.0,2.0,1.0,22.0,T1,62.75505,Post
5.0,2.0,1.0,23.0,T1,74.95201,Post
5.0,2.0,1.0,24.0,T2,65.21649,Post
5.0,2.0,1.0,25.0,T2,72.58442,Post
5.0,2.0,1.0,26.0,T1,80.215096,Post
5.0,2.0,1.0,27.0,T2,83.93995,Post
5.0,2.0,1.0,28.0,T1,71.94173,Post
5.0,2.0,1.0,29.0,T2,81.28511,Post
5.0,2.0,1.0,30.0,T1,66.04559,Post
5.0,2.0,1.0,31.0,T1,62.244274,Post
5.0,2.0,1.0,32.0,T1,71.64985,Post
5.0,2.0,1.0,33.0,T2,68.1586,Post
5.0,2.0,1.0,34.0,T1,71.54129,Post
5.0,2.0,1.0,35.0,T2,68.67877,Post
5.0,2.0,1.0,36.0,T1,57.366257,Post
5.0,2.0,1.0,37.0,T1,67.465645,Post
5.0,2.0,2.0,1.0,Control,69.9084,Post
5.0,2.0,2.0,2.0,Control,63.505676,Post
5.0,2.0,2.0,3.0,Control,56.3337,Post
5.0,2.0,2.0,4.0,Control,65.324196,Post
5.0,2.0,2.0,5.0,Control,72.85052,Post
5.0,2.0,2.0,6.0,Control,43.97543,Post
5.0,2.0,2.0,7.0,Control,62.04207,Post
5.0,2.0,2.0,8.0,Control,61.225807,Post
5.0,2.0,2.0,9.0,Control,44.384705,Post
5.0,2.0,2.0,10.0,Control,53.464676,Post
5.0,2.0,2.0,11.0,Control,42.823112,Post
5.0,2.0,2.0,12.0,Control,65.7571,Post
5.0,2.0,2.0,13.0,Control,44.851353,Post
5.0,2.0,2.0,14.0,Control,36.59567,Post
5.0,2.0,2.0,15.0,Control,56.452084,Post
5.0,2.0,2.0,16.0,Control,71.87448,Post
5.0,2.0,2.0,17.0,Control,65.01865,Post
5.0,2.0,2.0,18.0,Control,56.15923,Post
5.0,2.0,2.0,19.0,Control,51.635506,Post
5.0,2.0,2.0,20.0,Control,42.38157,Post
5.0,2.0,2.0,21.0,Control,78.45113,Post
5.0,2.0,2.0,22.0,Control,48.749554,Post
5.0,2.0,2.0,23.0,Control,81.98717,Post
5.0,2.0,2.0,24.0,Control,67.60614,Post
5.0,2.0,2.0,25.0,Control,49.871994,Post
5.0,2.0,2.0,26.0,Control,51.825905,Post
5.0,2.0,2.0,27.0,Control,51.045555,Post
5.0,2.0,2.0,28.0,Control,57.760357,Post
5.0,2.0,2.0,29.0,Control,45.63408,Post
5.0,2.0,2.0,30.0,Control,56.559547,Post
5.0,2.0,2.0,31.0,Control,48.12531,Post
5.0,2.0,2.0,32.0,Control,60.973095,Post
5.0,2.0,2.0,33.0,Control,58.712658,Post
5.0,2.0,2.0,34.0,Control,53.985653,Post
5.0,2.0,2.0,35.0,Control,59.44132,Post
5.0,2.0,2.0,36.0,Control,74.93851,Post
5.0,2.0,2.0,37.0,Control,55.38248,Post
5.0,2.0,2.0,38.0,Control,56.691975,Post
6.0,1.0,1.0,1.0,T2,64.422424,Post
6.0,1.0,1.0,2.0,T1,69.63007,Post
6.0,1.0,1.0,3.0,T2,107.15103,Post
6.0,1.0,1.0,4.0,T2,46.127186,Post
6.0,1.0,1.0,5.0,T2,87.08758,Post
6.0,1.0,1.0,6.0,T1,51.450996,Post
6.0,1.0,1.0,7.0,T2,105.16344,Post
6.0,1.0,1.0,8.0,T2,62.791985,Post
6.0,1.0,1.0,9.0,T2,55.550434,Post
6.0,1.0,1.0,10.0,T1,48.49567,Post
6.0,1.0,1.0,11.0,T1,66.915085,Post
6.0,1.0,1.0,12.0,T1,73.86081,Post
6.0,1.0,1.0,13.0,T2,42.969276,Post
6.0,1.0,1.0,14.0,T1,54.54223,Post
6.0,1.0,1.0,15.0,T2,80.86499,Post
6.0,1.0,1.0,16.0,T1,62.225685,Post
6.0,1.0,1.0,17.0,T2,65.18437,Post
6.0,1.0,1.0,18.0,T2,69.281906,Post
6.0,1.0,1.0,19.0,T2,64.50706,Post
6.0,1.0,1.0,20.0,T1,92.11208,Post
6.0,1.0,1.0,21.0,T2,56.47291,Post
6.0,1.0,1.0,22.0,T1,56.6587,Post
6.0,1.0,1.0,23.0,T1,86.032776,Post
6.0,1.0,1.0,24.0,T1,54.313553,Post
6.0,1.0,1.0,25.0,T1,54.122738,Post
6.0,1.0,1.0,26.0,T1,69.184494,Post
6.0,1.0,1.0,27.0,T1,68.44327,Post
6.0,1.0,1.0,28.0,T2,60.15986,Post
6.0,1.0,1.0,29.0,T1,53.57657,Post
6.0,1.0,1.0,30.0,T2,72.9507,Post
6.0,1.0,1.0,31.0,T2,87.17849,Post
6.0,1.0,1.0,32.0,T1,64.75388,Post
6.0,1.0,1.0,33.0,T2,92.54332,Post
6.0,1.0,1.0,34.0,T1,78.75541,Post
6.0,1.0,1.0,35.0,T2,60.622574,Post
6.0,1.0,1.0,36.0,T2,80.06724,Post
6.0,1.0,1.0,37.0,T2,68.39963,Post
6.0,1.0,2.0,1.0,Control,60.00574,Post
6.0,1.0,2.0,2.0,Control,65.37344,Post
6.0,1.0,2.0,3.0,Control,60.03586,Post
6.0,1.0,2.0,4.0,Control,69.05486,Post
6.0,1.0,2.0,5.0,Control,62.076042,Post
6.0,1.0,2.0,6.0,Control,70.37261,Post
6.0,1.0,2.0,7.0,Control,54.96158,Post
6.0,1.0,2.0,8.0,Control,37.05199,Post
6.0,1.0,2.0,9.0,Control,76.0865,Post
6.0,1.0,2.0,10.0,Control,70.87478,Post
6.0,1.0,2.0,11.0,Control,61.947784,Post
6.0,1.0,2.0,12.0,Control,75.90083,Post
6.0,1.0,2.0,13.0,Control,67.69147,Post
6.0,1.0,2.0,14.0,Control,53.707893,Post
6.0,1.0,2.0,15.0,Control,47.423893,Post
6.0,1.0,2.0,16.0,Control,42.18136,Post
6.0,1.0,2.0,17.0,Control,64.19501,Post
6.0,1.0,2.0,18.0,Control,64.07044,Post
6.0,1.0,2.0,19.0,Control,33.269245,Post
6.0,1.0,2.0,20.0,Control,68.40358,Post
6.0,1.0,2.0,21.0,Control,49.721676,Post
6.0,1.0,2.0,22.0,Control,53.719124,Post
6.0,1.0,2.0,23.0,Control,38.80453,Post
6.0,1.0,2.0,24.0,Control,57.78774,Post
6.0,1.0,2.0,25.0,Control,54.185814,Post
6.0,1.0,2.0,26.0,Control,62.155247,Post
6.0,1.0,2.0,27.0,Control,87.98448,Post
6.0,1.0,2.0,28.0,Control,47.291073,Post
6.0,1.0,2.0,29.0,Control,57.877052,Post
6.0,1.0,2.0,30.0,Control,48.5725,Post
6.0,1.0,2.0,31.0,Control,68.00065,Post
6.0,1.0,2.0,32.0,Control,57.105026,Post
6.0,1.0,2.0,33.0,Control,55.790073,Post
6.0,1.0,2.0,34.0,Control,53.208885,Post
6.0,1.0,2.0,35.0,Control,38.00281,Post
6.0,1.0,2.0,36.0,Control,56.56346,Post
6.0,1.0,2.0,37.0,Control,56.341984,Post
6.0,1.0,2.0,38.0,Control,61.321186,Post
6.0,2.0,1.0,1.0,T2,94.34057,Post
6.0,2.0,1.0,2.0,T1,68.52571,Post
6.0,2.0,1.0,3.0,T2,59.623936,Post
6.0,2.0,1.0,4.0,T2,84.10999,Post
6.0,2.0,1.0,5.0,T1,85.97133,Post
6.0,2.0,1.0,6.0,T2,54.298687,Post
6.0,2.0,1.0,7.0,T2,64.845474,Post
6.0,2.0,1.0,8.0,T2,65.986496,Post
6.0,2.0,1.0,9.0,T2,66.17372,Post
6.0,2.0,1.0,10.0,T1,78.68617,Post
6.0,2.0,1.0,11.0,T1,50.873486,Post
6.0,2.0,1.0,12.0,T2,53.902264,Post
6.0,2.0,1.0,13.0,T2,41.487514,Post
6.0,2.0,1.0,14.0,T2,66.64081,Post
6.0,2.0,1.0,15.0,T1,49.674923,Post
6.0,2.0,1.0,16.0,T1,78.314026,Post
6.0,2.0,1.0,17.0,T1,60.794014,Post
6.0,2.0,1.0,18.0,T2,44.93476,Post
6.0,2.0,1.0,19.0,T1,59.19031,Post
6.0,2.0,1.0,20.0,T1,60.539383,Post
6.0,2.0,1.0,21.0,T2,84.44806,Post
6.0,2.0,1.0,22.0,T1,49.221046,Post
6.0,2.0,1.0,23.0,T2,64.12363,Post
6.0,2.0,1.0,24.0,T2,56.776314,Post
6.0,2.0,1.0,25.0,T2,78.7759,Post
6.0,2.0,1.0,26.0,T2,71.99908,Post
6.0,2.0,1.0,27.0,T2,59.185753,Post
6.0,2.0,1.0,28.0,T2,51.932198,Post
6.0,2.0,1.0,29.0,T1,47.752323,Post
6.0,2.0,1.0,30.0,T1,67.74367,Post
6.0,2.0,1.0,31.0,T2,49.983616,Post
6.0,2.0,1.0,32.0,T1,83.89397,Post
6.0,2.0,1.0,33.0,T1,64.06285,Post
6.0,2.0,1.0,34.0,T1,72.250916,Post
6.0,2.0,1.0,35.0,T2,60.997684,Post
6.0,2.0,1.0,36.0,T1,54.891243,Post
6.0,2.0,1.0,37.0,T1,76.94313,Post
6.0,2.0,2.0,1.0,Control,44.600082,Post
6.0,2.0,2.0,2.0,Control,54.791473,Post
6.0,2.0,2.0,3.0,Control,49.069202,Post
6.0,2.0,2.0,4.0,Control,61.71366,Post
6.0,2.0,2.0,5.0,Control,59.199036,Post
6.0,2.0,2.0,6.0,Control,47.01295,Post
6.0,2.0,2.0,7.0,Control,60.216244,Post
6.0,2.0,2.0,8.0,Control,63.12352,Post
6.0,2.0,2.0,9.0,Control,69.500946,Post
6.0,2.0,2.0,10.0,Control,48.129486,Post
6.0,2.0,2.0,11.0,Control,58.95132,Post
6.0,2.0,2.0,12.0,Control,65.36444,Post
6.0,2.0,2.0,13.0,Control,56.007435,Post
6.0,2.0,2.0,14.0,Control,42.395107,Post
6.0,2.0,2.0,15.0,Control,75.277824,Post
6.0,2.0,2.0,16.0,Control,42.207928,Post
6.0,2.0,2.0,17.0,Control,68.98835,Post
6.0,2.0,2.0,18.0,Control,45.771423,Post
6.0,2.0,2.0,19.0,Control,55.154163,Post
6.0,2.0,2.0,20.0,Control,45.232056,Post
6.0,2.0,2.0,21.0,Control,44.076572,Post
6.0,2.0,2.0,22.0,Control,42.93439,Post
6.0,2.0,2.0,23.0,Control,50.484756,Post
6.0,2.0,2.0,24.0,Control,46.09669,Post
6.0,2.0,2.0,25.0,Control,36.320194,Post
6.0,2.0,2.0,26.0,Control,48.01044,Post
6.0,2.0,2.0,27.0,Control,62.38049,Post
6.0,2.0,2.0,28.0,Control,45.672855,Post
6.0,2.0,2.0,29.0,Control,51.51752,Post
6.0,2.0,2.0,30.0,Control,68.14197,Post
6.0,2.0,2.0,31.0,Control,35.604942,Post
6.0,2.0,2.0,32.0,Control,36.87822,Post
6.0,2.0,2.0,33.0,Control,69.45839,Post
6.0,2.0,2.0,34.0,Control,55.221474,Post
6.0,2.0,2.0,35.0,Control,63.735386,Post
6.0,2.0,2.0,36.0,Control,69.97523,Post
6.0,2.0,2.0,37.0,Control,55.279476,Post
6.0,2.0,2.0,38.0,Control,56.0953,Post
7.0,1.0,1.0,1.0,T1,69.232635,Post
7.0,1.0,1.0,2.0,T2,63.22506,Post
7.0,1.0,1.0,3.0,T2,39.009384,Post
7.0,1.0,1.0,4.0,T2,69.39526,Post
7.0,1.0,1.0,5.0,T1,56.309334,Post
7.0,1.0,1.0,6.0,T2,68.14577,Post
7.0,1.0,1.0,7.0,T2,67.95237,Post
7.0,1.0,1.0,8.0,T2,59.114365,Post
7.0,1.0,1.0,9.0,T2,87.54592,Post
7.0,1.0,1.0,10.0,T1,66.4782,Post
7.0,1.0,1.0,11.0,T2,71.20276,Post
7.0,1.0,1.0,12.0,T1,61.966934,Post
7.0,1.0,1.0,13.0,T2,81.84592,Post
7.0,1.0,1.0,14.0,T1,53.13603,Post
7.0,1.0,1.0,15.0,T1,61.479343,Post
7.0,1.0,1.0,16.0,T1,55.927773,Post
7.0,1.0,1.0,17.0,T2,87.400925,Post
7.0,1.0,1.0,18.0,T1,75.68962,Post
7.0,1.0,1.0,19.0,T1,77.042274,Post
7.0,1.0,1.0,20.0,T1,51.01333,Post
7.0,1.0,1.0,21.0,T2,74.090164,Post
7.0,1.0,1.0,22.0,T1,58.649925,Post
7.0,1.0,1.0,23.0,T2,69.88986,Post
7.0,1.0,1.0,24.0,T2,37.931343,Post
7.0,1.0,1.0,25.0,T1,49.811184,Post
7.0,1.0,1.0,26.0,T1,88.11751,Post
7.0,1.0,1.0,27.0,T2,66.70696,Post
7.0,1.0,1.0,28.0,T2,73.56912,Post
7.0,1.0,1.0,29.0,T1,66.66842,Post
7.0,1.0,1.0,30.0,T2,64.616776,Post
7.0,1.0,1.0,31.0,T2,55.91295,Post
7.0,1.0,1.0,32.0,T1,42.606667,Post
7.0,1.0,1.0,33.0,T1,79.290085,Post
7.0,1.0,1.0,34.0,T1,88.15828,Post
7.0,1.0,1.0,35.0,T2,80.75333,Post
7.0,1.0,1.0,36.0,T2,33.11787,Post
7.0,1.0,1.0,37.0,T2,73.245605,Post
7.0,1.0,2.0,1.0,Control,59.88656,Post
7.0,1.0,2.0,2.0,Control,54.485973,Post
7.0,1.0,2.0,3.0,Control,40.051155,Post
7.0,1.0,2.0,4.0,Control,50.516678,Post
7.0,1.0,2.0,5.0,Control,51.58401,Post
7.0,1.0,2.0,6.0,Control,56.994404,Post
7.0,1.0,2.0,7.0,Control,69.19168,Post
7.0,1.0,2.0,8.0,Control,69.52411,Post
7.0,1.0,2.0,9.0,Control,54.965908,Post
7.0,1.0,2.0,10.0,Control,42.798874,Post
7.0,1.0,2.0,11.0,Control,56.21155,Post
7.0,1.0,2.0,12.0,Control,55.775898,Post
7.0,1.0,2.0,13.0,Control,47.997482,Post
7.0,1.0,2.0,14.0,Control,54.980564,Post
7.0,1.0,2.0,15.0,Control,48.752155,Post
7.0,1.0,2.0,16.0,Control,57.44009,Post
7.0,1.0,2.0,17.0,Control,64.54521,Post
7.0,1.0,2.0,18.0,Control,74.35736,Post
7.0,1.0,2.0,19.0,Control,38.484715,Post
7.0,1.0,2.0,20.0,Control,34.521805,Post
7.0,1.0,2.0,21.0,Control,68.085724,Post
7.0,1.0,2.0,22.0,Control,68.993904,Post
7.0,1.0,2.0,23.0,Control,81.599785,Post
7.0,1.0,2.0,24.0,Control,63.212353,Post
7.0,1.0,2.0,25.0,Control,58.472607,Post
7.0,1.0,2.0,26.0,Control,71.00217,Post
7.0,1.0,2.0,27.0,Control,80.735306,Post
7.0,1.0,2.0,28.0,Control,57.967945,Post
7.0,1.0,2.0,29.0,Control,55.511147,Post
7.0,1.0,2.0,30.0,Control,66.02566,Post
7.0,1.0,2.0,31.0,Control,78.78369,Post
7.0,1.0,2.0,32.0,Control,58.58276,Post
7.0,1.0,2.0,33.0,Control,50.630135,Post
7.0,1.0,2.0,34.0,Control,62.38061,Post
7.0,1.0,2.0,35.0,Control,68.64611,Post
7.0,1.0,2.0,36.0,Control,43.826355,Post
7.0,1.0,2.0,37.0,Control,62.40159,Post
7.0,1.0,2.0,38.0,Control,65.73836,Post
7.0,2.0,1.0,1.0,T2,78.13476,Post
7.0,2.0,1.0,2.0,T2,85.49376,Post
7.0,2.0,1.0,3.0,T1,48.22181,Post
7.0,2.0,1.0,4.0,T1,58.589912,Post
7.0,2.0,1.0,5.0,T2,79.449196,Post
7.0,2.0,1.0,6.0,T1,46.14801,Post
7.0,2.0,1.0,7.0,T2,86.70227,Post
7.0,2.0,1.0,8.0,T1,60.523094,Post
7.0,2.0,1.0,9.0,T2,84.63661,Post
7.0,2.0,1.0,10.0,T2,77.82623,Post
7.0,2.0,1.0,11.0,T1,68.6152,Post
7.0,2.0,1.0,12.0,T1,52.809475,Post
7.0,2.0,1.0,13.0,T1,37.132927,Post
7.0,2.0,1.0,14.0,T2,65.33397,Post
7.0,2.0,1.0,15.0,T1,93.37858,Post
7.0,2.0,1.0,16.0,T1,60.995235,Post
7.0,2.0,1.0,17.0,T1,79.956314,Post
7.0,2.0,1.0,18.0,T2,58.035122,Post
7.0,2.0,1.0,19.0,T2,69.38934,Post
7.0,2.0,1.0,20.0,T2,62.884018,Post
7.0,2.0,1.0,21.0,T2,60.12329,Post
7.0,2.0,1.0,22.0,T2,47.60837,Post
7.0,2.0,1.0,23.0,T2,58.996796,Post
7.0,2.0,1.0,24.0,T1,72.08589,Post
7.0,2.0,1.0,25.0,T2,77.04234,Post
7.0,2.0,1.0,26.0,T2,67.28658,Post
7.0,2.0,1.0,27.0,T1,76.58464,Post
7.0,2.0,1.0,28.0,T1,65.706116,Post
7.0,2.0,1.0,29.0,T1,66.02296,Post
7.0,2.0,1.0,30.0,T1,75.47895,Post
7.0,2.0,1.0,31.0,T2,85.51952,Post
7.0,2.0,1.0,32.0,T1,68.796295,Post
7.0,2.0,1.0,33.0,T2,87.690315,Post
7.0,2.0,1.0,34.0,T2,72.21196,Post
7.0,2.0,1.0,35.0,T1,82.92551,Post
7.0,2.0,1.0,36.0,T2,68.946434,Post
7.0,2.0,1.0,37.0,T2,69.761696,Post
7.0,2.0,2.0,1.0,Control,47.58304,Post
7.0,2.0,2.0,2.0,Control,38.98147,Post
7.0,2.0,2.0,3.0,Control,59.21405,Post
7.0,2.0,2.0,4.0,Control,70.06304,Post
7.0,2.0,2.0,5.0,Control,58.41356,Post
7.0,2.0,2.0,6.0,Control,63.70474,Post
7.0,2.0,2.0,7.0,Control,55.97364,Post
7.0,2.0,2.0,8.0,Control,64.76007,Post
7.0,2.0,2.0,9.0,Control,72.92612,Post
7.0,2.0,2.0,10.0,Control,41.67298,Post
7.0,2.0,2.0,11.0,Control,64.13201,Post
7.0,2.0,2.0,12.0,Control,57.3618,Post
7.0,2.0,2.0,13.0,Control,47.89621,Post
7.0,2.0,2.0,14.0,Control,70.64661,Post
7.0,2.0,2.0,15.0,Control,61.073288,Post
7.0,2.0,2.0,16.0,Control,58.2449,Post
7.0,2.0,2.0,17.0,Control,44.75652,Post
7.0,2.0,2.0,18.0,Control,68.71489,Post
7.0,2.0,2.0,19.0,Control,58.765484,Post
7.0,2.0,2.0,20.0,Control,44.8943,Post
7.0,2.0,2.0,21.0,Control,63.849907,Post
7.0,2.0,2.0,22.0,Control,39.421143,Post
7.0,2.0,2.0,23.0,Control,55.917946,Post
7.0,2.0,2.0,24.0,Control,59.64806,Post
7.0,2.0,2.0,25.0,Control,47.21561,Post
7.0,2.0,2.0,26.0,Control,46.82415,Post
7.0,2.0,2.0,27.0,Control,48.008057,Post
7.0,2.0,2.0,28.0,Control,40.2403,Post
7.0,2.0,2.0,29.0,Control,61.136955,Post
7.0,2.0,2.0,30.0,Control,46.893284,Post
7.0,2.0,2.0,31.0,Control,45.520897,Post
7.0,2.0,2.0,32.0,Control,72.90888,Post
7.0,2.0,2.0,33.0,Control,56.602905,Post
7.0,2.0,2.0,34.0,Control,49.36435,Post
7.0,2.0,2.0,35.0,Control,69.83494,Post
7.0,2.0,2.0,36.0,Control,64.724464,Post
7.0,2.0,2.0,37.0,Control,52.655914,Post
7.0,2.0,2.0,38.0,Control,82.850075,Post
8.0,1.0,1.0,1.0,T1,77.65219,Post
8.0,1.0,1.0,2.0,T2,59.970196,Post
8.0,1.0,1.0,3.0,T1,61.346527,Post
8.0,1.0,1.0,4.0,T1,72.82803,Post
8.0,1.0,1.0,5.0,T2,68.23584,Post
8.0,1.0,1.0,6.0,T2,63.59198,Post
8.0,1.0,1.0,7.0,T1,51.726963,Post
8.0,1.0,1.0,8.0,T2,52.07657,Post
8.0,1.0,1.0,9.0,T1,62.425205,Post
8.0,1.0,1.0,10.0,T1,57.154243,Post
8.0,1.0,1.0,11.0,T2,90.605995,Post
8.0,1.0,1.0,12.0,T2,86.63911,Post
8.0,1.0,1.0,13.0,T2,72.56529,Post
8.0,1.0,1.0,14.0,T2,41.801895,Post
8.0,1.0,1.0,15.0,T1,53.36661,Post
8.0,1.0,1.0,16.0,T2,80.75699,Post
8.0,1.0,1.0,17.0,T2,80.62444,Post
8.0,1.0,1.0,18.0,T1,63.797066,Post
8.0,1.0,1.0,19.0,T1,67.983536,Post
8.0,1.0,1.0,20.0,T1,56.05755,Post
8.0,1.0,1.0,21.0,T1,69.99841,Post
8.0,1.0,1.0,22.0,T2,79.52303,Post
8.0,1.0,1.0,23.0,T2,68.49788,Post
8.0,1.0,1.0,24.0,T1,89.15694,Post
8.0,1.0,1.0,25.0,T2,58.620853,Post
8.0,1.0,1.0,26.0,T1,86.95442,Post
8.0,1.0,1.0,27.0,T2,49.502323,Post
8.0,1.0,1.0,28.0,T2,62.134262,Post
8.0,1.0,1.0,29.0,T2,69.8311,Post
8.0,1.0,1.0,30.0,T1,71.523285,Post
8.0,1.0,1.0,31.0,T2,70.812126,Post
8.0,1.0,1.0,32.0,T2,79.80191,Post
8.0,1.0,1.0,33.0,T1,62.707043,Post
8.0,1.0,1.0,34.0,T1,61.33872,Post
8.0,1.0,1.0,35.0,T1,56.230927,Post
8.0,1.0,1.0,36.0,T2,70.58339,Post
8.0,1.0,1.0,37.0,T2,81.7216,Post
8.0,1.0,2.0,1.0,Control,62.2876,Post
8.0,1.0,2.0,2.0,Control,54.321274,Post
8.0,1.0,2.0,3.0,Control,39.932594,Post
8.0,1.0,2.0,4.0,Control,55.06539,Post
8.0,1.0,2.0,5.0,Control,43.081947,Post
8.0,1.0,2.0,6.0,Control,69.95089,Post
8.0,1.0,2.0,7.0,Control,58.819588,Post
8.0,1.0,2.0,8.0,Control,54.93604,Post
8.0,1.0,2.0,9.0,Control,62.660275,Post
8.0,1.0,2.0,10.0,Control,34.175053,Post
8.0,1.0,2.0,11.0,Control,39.859615,Post
8.0,1.0,2.0,12.0,Control,54.055,Post
8.0,1.0,2.0,13.0,Control,62.48895,Post
8.0,1.0,2.0,14.0,Control,68.86349,Post
8.0,1.0,2.0,15.0,Control,59.256218,Post
8.0,1.0,2.0,16.0,Control,48.979275,Post
8.0,1.0,2.0,17.0,Control,53.457706,Post
8.0,1.0,2.0,18.0,Control,49.31112,Post
8.0,1.0,2.0,19.0,Control,38.216324,Post
8.0,1.0,2.0,20.0,Control,56.266644,Post
8.0,1.0,2.0,21.0,Control,38.671528,Post
8.0,1.0,2.0,22.0,Control,52.756344,Post
8.0,1.0,2.0,23.0,Control,43.22048,Post
8.0,1.0,2.0,24.0,Control,44.760418,Post
8.0,1.0,2.0,25.0,Control,69.71249,Post
8.0,1.0,2.0,26.0,Control,30.999231,Post
8.0,1.0,2.0,27.0,Control,60.325397,Post
8.0,1.0,2.0,28.0,Control,64.69997,Post
8.0,1.0,2.0,29.0,Control,59.543346,Post
8.0,1.0,2.0,30.0,Control,54.088486,Post
8.0,1.0,2.0,31.0,Control,49.608627,Post
8.0,1.0,2.0,32.0,Control,60.295387,Post
8.0,1.0,2.0,33.0,Control,34.881256,Post
8.0,1.0,2.0,34.0,Control,58.084133,Post
8.0,1.0,2.0,35.0,Control,57.987324,Post
8.0,1.0,2.0,36.0,Control,62.294296,Post
8.0,1.0,2.0,37.0,Control,47.84987,Post
8.0,1.0,2.0,38.0,Control,52.12325,Post
8.0,2.0,1.0,1.0,T2,56.09738,Post
8.0,2.0,1.0,2.0,T1,64.40991,Post
8.0,2.0,1.0,3.0,T1,68.94513,Post
8.0,2.0,1.0,4.0,T1,61.81385,Post
8.0,2.0,1.0,5.0,T2,73.038795,Post
8.0,2.0,1.0,6.0,T1,69.569275,Post
8.0,2.0,1.0,7.0,T2,69.2145,Post
8.0,2.0,1.0,8.0,T1,60.149155,Post
8.0,2.0,1.0,9.0,T2,73.48013,Post
8.0,2.0,1.0,10.0,T2,99.85242,Post
8.0,2.0,1.0,11.0,T2,63.699196,Post
8.0,2.0,1.0,12.0,T1,69.71259,Post
8.0,2.0,1.0,13.0,T1,53.72091,Post
8.0,2.0,1.0,14.0,T2,67.03829,Post
8.0,2.0,1.0,15.0,T1,59.21485,Post
8.0,2.0,1.0,16.0,T2,73.36951,Post
8.0,2.0,1.0,17.0,T1,50.066715,Post
8.0,2.0,1.0,18.0,T2,79.671715,Post
8.0,2.0,1.0,19.0,T1,67.13127,Post
8.0,2.0,1.0,20.0,T1,69.80805,Post
8.0,2.0,1.0,21.0,T2,85.851204,Post
8.0,2.0,1.0,22.0,T2,56.223007,Post
8.0,2.0,1.0,23.0,T2,81.30361,Post
8.0,2.0,1.0,24.0,T1,60.18003,Post
8.0,2.0,1.0,25.0,T2,70.60898,Post
8.0,2.0,1.0,26.0,T1,75.46787,Post
8.0,2.0,1.0,27.0,T2,74.13096,Post
8.0,2.0,1.0,28.0,T1,94.41207,Post
8.0,2.0,1.0,29.0,T2,90.57994,Post
8.0,2.0,1.0,30.0,T1,68.243576,Post
8.0,2.0,1.0,31.0,T2,80.35279,Post
8.0,2.0,1.0,32.0,T1,87.04534,Post
8.0,2.0,1.0,33.0,T2,63.55693,Post
8.0,2.0,1.0,34.0,T2,67.269226,Post
8.0,2.0,1.0,35.0,T2,59.694046,Post
8.0,2.0,1.0,36.0,T1,89.44783,Post
8.0,2.0,1.0,37.0,T2,82.84963,Post
8.0,2.0,2.0,1.0,Control,49.07947,Post
8.0,2.0,2.0,2.0,Control,55.02995,Post
8.0,2.0,2.0,3.0,Control,60.3101,Post
8.0,2.0,2.0,4.0,Control,49.128605,Post
8.0,2.0,2.0,5.0,Control,52.786747,Post
8.0,2.0,2.0,6.0,Control,47.151707,Post
8.0,2.0,2.0,7.0,Control,52.572834,Post
8.0,2.0,2.0,8.0,Control,64.14331,Post
8.0,2.0,2.0,9.0,Control,42.23894,Post
8.0,2.0,2.0,10.0,Control,51.964497,Post
8.0,2.0,2.0,11.0,Control,47.16862,Post
8.0,2.0,2.0,12.0,Control,52.5633,Post
8.0,2.0,2.0,13.0,Control,50.280136,Post
8.0,2.0,2.0,14.0,Control,63.37184,Post
8.0,2.0,2.0,15.0,Control,67.33442,Post
8.0,2.0,2.0,16.0,Control,48.510704,Post
8.0,2.0,2.0,17.0,Control,66.5778,Post
8.0,2.0,2.0,18.0,Control,52.743225,Post
8.0,2.0,2.0,19.0,Control,58.247852,Post
8.0,2.0,2.0,20.0,Control,49.679123,Post
8.0,2.0,2.0,21.0,Control,66.811325,Post
8.0,2.0,2.0,22.0,Control,82.94043,Post
8.0,2.0,2.0,23.0,Control,54.10161,Post
8.0,2.0,2.0,24.0,Control,44.020462,Post
8.0,2.0,2.0,25.0,Control,45.697357,Post
8.0,2.0,2.0,26.0,Control,42.893024,Post
8.0,2.0,2.0,27.0,Control,51.789856,Post
8.0,2.0,2.0,28.0,Control,54.449947,Post
8.0,2.0,2.0,29.0,Control,48.48542,Post
8.0,2.0,2.0,30.0,Control,49.8107,Post
8.0,2.0,2.0,31.0,Control,62.330944,Post
8.0,2.0,2.0,32.0,Control,76.72712,Post
8.0,2.0,2.0,33.0,Control,43.568844,Post
8.0,2.0,2.0,34.0,Control,63.54077,Post
8.0,2.0,2.0,35.0,Control,55.852093,Post
8.0,2.0,2.0,36.0,Control,46.7055,Post
8.0,2.0,2.0,37.0,Control,65.19091,Post
8.0,2.0,2.0,38.0,Control,49.579224,Post
1.0,1.0,1.0,1.0,T1,50.182095,Pre
1.0,1.0,1.0,2.0,T2,66.047554,Pre
1.0,1.0,1.0,3.0,T1,44.069717,Pre
1.0,1.0,1.0,4.0,T2,34.018944,Pre
1.0,1.0,1.0,5.0,T1,53.08916,Pre
1.0,1.0,1.0,6.0,T2,27.176136,Pre
1.0,1.0,1.0,7.0,T1,52.258457,Pre
1.0,1.0,1.0,8.0,T2,60.96528,Pre
1.0,1.0,1.0,9.0,T2,45.473606,Pre
1.0,1.0,1.0,10.0,T1,56.48657,Pre
1.0,1.0,1.0,11.0,T2,63.537346,Pre
1.0,1.0,1.0,12.0,T2,46.996685,Pre
1.0,1.0,1.0,13.0,T2,64.06907,Pre
1.0,1.0,1.0,14.0,T1,59.44891,Pre
1.0,1.0,1.0,15.0,T1,48.1968,Pre
1.0,1.0,1.0,16.0,T1,44.748528,Pre
1.0,1.0,1.0,17.0,T1,57.1951,Pre
1.0,1.0,1.0,18.0,T2,66.58083,Pre
1.0,1.0,1.0,19.0,T2,46.220947,Pre
1.0,1.0,1.0,20.0,T2,29.693811,Pre
1.0,1.0,1.0,21.0,T2,52.32537,Pre
1.0,1.0,1.0,22.0,T2,42.37381,Pre
1.0,1.0,1.0,23.0,T1,51.15698,Pre
1.0,1.0,1.0,24.0,T2,48.47129,Pre
1.0,1.0,1.0,25.0,T1,49.37831,Pre
1.0,1.0,1.0,26.0,T2,54.653183,Pre
1.0,1.0,1.0,27.0,T1,66.33429,Pre
1.0,1.0,1.0,28.0,T1,42.042534,Pre
1.0,1.0,1.0,29.0,T1,57.570286,Pre
1.0,1.0,1.0,30.0,T1,51.13064,Pre
1.0,1.0,1.0,31.0,T1,50.970867,Pre
1.0,1.0,1.0,32.0,T2,66.76974,Pre
1.0,1.0,1.0,33.0,T2,59.24827,Pre
1.0,1.0,1.0,34.0,T2,47.949368,Pre
1.0,1.0,1.0,35.0,T2,74.60695,Pre
1.0,1.0,1.0,36.0,T1,49.40201,Pre
1.0,1.0,1.0,37.0,T2,60.53048,Pre
1.0,1.0,2.0,1.0,Control,54.885544,Pre
1.0,1.0,2.0,2.0,Control,54.691174,Pre
1.0,1.0,2.0,3.0,Control,47.57374,Pre
1.0,1.0,2.0,4.0,Control,52.760674,Pre
1.0,1.0,2.0,5.0,Control,59.761078,Pre
1.0,1.0,2.0,6.0,Control,68.0963,Pre
1.0,1.0,2.0,7.0,Control,53.137833,Pre
1.0,1.0,2.0,8.0,Control,49.525887,Pre
1.0,1.0,2.0,9.0,Control,71.09901,Pre
1.0,1.0,2.0,10.0,Control,51.84987,Pre
1.0,1.0,2.0,11.0,Control,62.90022,Pre
1.0,1.0,2.0,12.0,Control,65.83363,Pre
1.0,1.0,2.0,13.0,Control,68.32004,Pre
1.0,1.0,2.0,14.0,Control,53.902817,Pre
1.0,1.0,2.0,15.0,Control,63.55796,Pre
1.0,1.0,2.0,16.0,Control,44.903618,Pre
1.0,1.0,2.0,17.0,Control,57.207386,Pre
1.0,1.0,2.0,18.0,Control,49.41949,Pre
1.0,1.0,2.0,19.0,Control,50.985413,Pre
1.0,1.0,2.0,20.0,Control,49.40603,Pre
1.0,1.0,2.0,21.0,Control,49.06846,Pre
1.0,1.0,2.0,22.0,Control,50.177357,Pre
1.0,1.0,2.0,23.0,Control,57.929592,Pre
1.0,1.0,2.0,24.0,Control,31.440897,Pre
1.0,1.0,2.0,25.0,Control,54.788055,Pre
1.0,1.0,2.0,26.0,Control,46.730106,Pre
1.0,1.0,2.0,27.0,Control,69.20156,Pre
1.0,1.0,2.0,28.0,Control,70.050606,Pre
1.0,1.0,2.0,29.0,Control,52.76868,Pre
1.0,1.0,2.0,30.0,Control,52.419994,Pre
1.0,1.0,2.0,31.0,Control,62.97884,Pre
1.0,1.0,2.0,32.0,Control,56.032673,Pre
1.0,1.0,2.0,33.0,Control,66.20806,Pre
1.0,1.0,2.0,34.0,Control,66.46459,Pre
1.0,1.0,2.0,35.0,Control,45.1945,Pre
1.0,1.0,2.0,36.0,Control,40.643127,Pre
1.0,1.0,2.0,37.0,Control,61.072014,Pre
1.0,1.0,2.0,38.0,Control,34.384262,Pre
1.0,2.0,1.0,1.0,T1,72.24368,Pre
1.0,2.0,1.0,2.0,T1,62.021473,Pre
1.0,2.0,1.0,3.0,T1,70.971375,Pre
1.0,2.0,1.0,4.0,T2,61.04386,Pre
1.0,2.0,1.0,5.0,T1,46.692184,Pre
1.0,2.0,1.0,6.0,T2,53.50751,Pre
1.0,2.0,1.0,7.0,T1,51.274303,Pre
1.0,2.0,1.0,8.0,T2,42.469902,Pre
1.0,2.0,1.0,9.0,T1,51.821762,Pre
1.0,2.0,1.0,10.0,T1,43.104507,Pre
1.0,2.0,1.0,11.0,T2,64.99487,Pre
1.0,2.0,1.0,12.0,T1,46.224243,Pre
1.0,2.0,1.0,13.0,T1,53.00231,Pre
1.0,2.0,1.0,14.0,T2,54.76415,Pre
1.0,2.0,1.0,15.0,T1,58.685684,Pre
1.0,2.0,1.0,16.0,T2,54.706997,Pre
1.0,2.0,1.0,17.0,T2,55.821278,Pre
1.0,2.0,1.0,18.0,T2,60.79935,Pre
1.0,2.0,1.0,19.0,T1,45.03897,Pre
1.0,2.0,1.0,20.0,T1,50.56077,Pre
1.0,2.0,1.0,21.0,T1,61.28351,Pre
1.0,2.0,1.0,22.0,T1,51.527653,Pre
1.0,2.0,1.0,23.0,T2,48.40144,Pre
1.0,2.0,1.0,24.0,T2,61.282146,Pre
1.0,2.0,1.0,25.0,T2,67.78089,Pre
1.0,2.0,1.0,26.0,T2,54.90918,Pre
1.0,2.0,1.0,27.0,T2,56.70727,Pre
1.0,2.0,1.0,28.0,T2,62.984142,Pre
1.0,2.0,1.0,29.0,T2,45.34433,Pre
1.0,2.0,1.0,30.0,T1,70.19085,Pre
1.0,2.0,1.0,31.0,T1,54.44876,Pre
1.0,2.0,1.0,32.0,T1,57.113155,Pre
1.0,2.0,1.0,33.0,T2,52.476585,Pre
1.0,2.0,1.0,34.0,T2,46.483723,Pre
1.0,2.0,1.0,35.0,T2,59.675007,Pre
1.0,2.0,1.0,36.0,T2,40.196766,Pre
1.0,2.0,1.0,37.0,T2,56.043156,Pre
1.0,2.0,2.0,1.0,Control,53.004288,Pre
1.0,2.0,2.0,2.0,Control,55.051796,Pre
1.0,2.0,2.0,3.0,Control,71.55271,Pre
1.0,2.0,2.0,4.0,Control,78.68591,Pre
1.0,2.0,2.0,5.0,Control,52.693485,Pre
1.0,2.0,2.0,6.0,Control,35.49398,Pre
1.0,2.0,2.0,7.0,Control,48.10239,Pre
1.0,2.0,2.0,8.0,Control,41.016483,Pre
1.0,2.0,2.0,9.0,Control,38.648327,Pre
1.0,2.0,2.0,10.0,Control,46.917915,Pre
1.0,2.0,2.0,11.0,Control,67.76622,Pre
1.0,2.0,2.0,12.0,Control,60.22902,Pre
1.0,2.0,2.0,13.0,Control,50.94192,Pre
1.0,2.0,2.0,14.0,Control,58.621677,Pre
1.0,2.0,2.0,15.0,Control,41.079544,Pre
1.0,2.0,2.0,16.0,Control,55.30222,Pre
1.0,2.0,2.0,17.0,Control,74.43397,Pre
1.0,2.0,2.0,18.0,Control,52.26996,Pre
1.0,2.0,2.0,19.0,Control,62.992783,Pre
1.0,2.0,2.0,20.0,Control,34.238987,Pre
1.0,2.0,2.0,21.0,Control,56.079292,Pre
1.0,2.0,2.0,22.0,Control,64.9135,Pre
1.0,2.0,2.0,23.0,Control,47.496357,Pre
1.0,2.0,2.0,24.0,Control,43.82372,Pre
1.0,2.0,2.0,25.0,Control,57.745975,Pre
1.0,2.0,2.0,26.0,Control,50.036526,Pre
1.0,2.0,2.0,27.0,Control,57.722588,Pre
1.0,2.0,2.0,28.0,Control,57.57229,Pre
1.0,2.0,2.0,29.0,Control,56.789906,Pre
1.0,2.0,2.0,30.0,Control,66.85166,Pre
1.0,2.0,2.0,31.0,Control,48.105236,Pre
1.0,2.0,2.0,32.0,Control,56.237354,Pre
1.0,2.0,2.0,33.0,Control,34.857807,Pre
1.0,2.0,2.0,34.0,Control,63.483433,Pre
1.0,2.0,2.0,35.0,Control,49.564423,Pre
1.0,2.0,2.0,36.0,Control,52.300617,Pre
1.0,2.0,2.0,37.0,Control,56.29287,Pre
1.0,2.0,2.0,38.0,Control,56.734097,Pre
2.0,1.0,1.0,1.0,T2,47.187054,Pre
2.0,1.0,1.0,2.0,T1,52.750507,Pre
2.0,1.0,1.0,3.0,T1,44.392605,Pre
2.0,1.0,1.0,4.0,T2,63.616646,Pre
2.0,1.0,1.0,5.0,T2,41.39211,Pre
2.0,1.0,1.0,6.0,T2,58.7251,Pre
2.0,1.0,1.0,7.0,T1,50.74247,Pre
2.0,1.0,1.0,8.0,T1,46.332405,Pre
2.0,1.0,1.0,9.0,T1,57.398212,Pre
2.0,1.0,1.0,10.0,T2,62.08671,Pre
2.0,1.0,1.0,11.0,T2,64.543274,Pre
2.0,1.0,1.0,12.0,T1,67.18809,Pre
2.0,1.0,1.0,13.0,T1,44.050835,Pre
2.0,1.0,1.0,14.0,T1,60.239788,Pre
2.0,1.0,1.0,15.0,T1,61.944378,Pre
2.0,1.0,1.0,16.0,T2,40.366467,Pre
2.0,1.0,1.0,17.0,T2,54.614315,Pre
2.0,1.0,1.0,18.0,T2,47.352585,Pre
2.0,1.0,1.0,19.0,T1,44.087044,Pre
2.0,1.0,1.0,20.0,T1,52.645535,Pre
2.0,1.0,1.0,21.0,T2,47.039745,Pre
2.0,1.0,1.0,22.0,T2,69.02142,Pre
2.0,1.0,1.0,23.0,T1,61.369156,Pre
2.0,1.0,1.0,24.0,T2,67.0748,Pre
2.0,1.0,1.0,25.0,T2,69.554756,Pre
2.0,1.0,1.0,26.0,T2,42.03699,Pre
2.0,1.0,1.0,27.0,T1,63.473473,Pre
2.0,1.0,1.0,28.0,T1,59.72131,Pre
2.0,1.0,1.0,29.0,T1,63.020958,Pre
2.0,1.0,1.0,30.0,T2,80.584305,Pre
2.0,1.0,1.0,31.0,T1,45.30901,Pre
2.0,1.0,1.0,32.0,T2,63.587925,Pre
2.0,1.0,1.0,33.0,T2,42.303154,Pre
2.0,1.0,1.0,34.0,T1,79.44339,Pre
2.0,1.0,1.0,35.0,T2,50.322773,Pre
2.0,1.0,1.0,36.0,T2,43.65985,Pre
2.0,1.0,1.0,37.0,T2,48.303303,Pre
2.0,1.0,2.0,1.0,Control,64.63583,Pre
2.0,1.0,2.0,2.0,Control,68.48976,Pre
2.0,1.0,2.0,3.0,Control,49.122917,Pre
2.0,1.0,2.0,4.0,Control,65.243935,Pre
2.0,1.0,2.0,5.0,Control,59.28039,Pre
2.0,1.0,2.0,6.0,Control,64.56179,Pre
2.0,1.0,2.0,7.0,Control,55.898975,Pre
2.0,1.0,2.0,8.0,Control,47.34772,Pre
2.0,1.0,2.0,9.0,Control,63.12284,Pre
2.0,1.0,2.0,10.0,Control,64.42587,Pre
2.0,1.0,2.0,11.0,Control,71.57164,Pre
2.0,1.0,2.0,12.0,Control,66.81756,Pre
2.0,1.0,2.0,13.0,Control,55.651505,Pre
2.0,1.0,2.0,14.0,Control,48.68699,Pre
2.0,1.0,2.0,15.0,Control,47.855976,Pre
2.0,1.0,2.0,16.0,Control,49.038246,Pre
2.0,1.0,2.0,17.0,Control,59.729404,Pre
2.0,1.0,2.0,18.0,Control,46.91375,Pre
2.0,1.0,2.0,19.0,Control,52.277298,Pre
2.0,1.0,2.0,20.0,Control,68.800964,Pre
2.0,1.0,2.0,21.0,Control,50.342957,Pre
2.0,1.0,2.0,22.0,Control,65.6715,Pre
2.0,1.0,2.0,23.0,Control,58.059395,Pre
2.0,1.0,2.0,24.0,Control,48.22893,Pre
2.0,1.0,2.0,25.0,Control,63.804214,Pre
2.0,1.0,2.0,26.0,Control,63.34459,Pre
2.0,1.0,2.0,27.0,Control,61.304497,Pre
2.0,1.0,2.0,28.0,Control,48.781532,Pre
2.0,1.0,2.0,29.0,Control,65.503525,Pre
2.0,1.0,2.0,30.0,Control,58.15993,Pre
2.0,1.0,2.0,31.0,Control,79.90835,Pre
2.0,1.0,2.0,32.0,Control,50.270164,Pre
2.0,1.0,2.0,33.0,Control,56.28087,Pre
2.0,1.0,2.0,34.0,Control,49.649086,Pre
2.0,1.0,2.0,35.0,Control,56.77473,Pre
2.0,1.0,2.0,36.0,Control,58.542892,Pre
2.0,1.0,2.0,37.0,Control,27.89179,Pre
2.0,1.0,2.0,38.0,Control,59.3174,Pre
2.0,2.0,1.0,1.0,T2,39.831978,Pre
2.0,2.0,1.0,2.0,T1,70.61443,Pre
2.0,2.0,1.0,3.0,T1,31.764582,Pre
2.0,2.0,1.0,4.0,T2,52.96184,Pre
2.0,2.0,1.0,5.0,T2,48.748856,Pre
2.0,2.0,1.0,6.0,T1,65.86355,Pre
2.0,2.0,1.0,7.0,T2,37.41025,Pre
2.0,2.0,1.0,8.0,T2,47.15028,Pre
2.0,2.0,1.0,9.0,T1,82.63615,Pre
2.0,2.0,1.0,10.0,T2,33.402447,Pre
2.0,2.0,1.0,11.0,T2,63.35345,Pre
2.0,2.0,1.0,12.0,T1,57.15151,Pre
2.0,2.0,1.0,13.0,T2,44.098057,Pre
2.0,2.0,1.0,14.0,T2,32.25201,Pre
2.0,2.0,1.0,15.0,T1,75.34411,Pre
2.0,2.0,1.0,16.0,T1,61.066204,Pre
2.0,2.0,1.0,17.0,T2,54.21622,Pre
2.0,2.0,1.0,18.0,T2,48.141983,Pre
2.0,2.0,1.0,19.0,T1,44.043495,Pre
2.0,2.0,1.0,20.0,T1,59.21143,Pre
2.0,2.0,1.0,21.0,T1,40.67822,Pre
2.0,2.0,1.0,22.0,T2,52.097725,Pre
2.0,2.0,1.0,23.0,T1,45.781036,Pre
2.0,2.0,1.0,24.0,T1,62.15412,Pre
2.0,2.0,1.0,25.0,T2,49.697662,Pre
2.0,2.0,1.0,26.0,T1,40.67377,Pre
2.0,2.0,1.0,27.0,T2,50.307728,Pre
2.0,2.0,1.0,28.0,T1,58.023903,Pre
2.0,2.0,1.0,29.0,T2,73.73466,Pre
2.0,2.0,1.0,30.0,T2,63.606724,Pre
2.0,2.0,1.0,31.0,T1,57.52747,Pre
2.0,2.0,1.0,32.0,T2,76.51031,Pre
2.0,2.0,1.0,33.0,T2,46.03992,Pre
2.0,2.0,1.0,34.0,T1,47.272984,Pre
2.0,2.0,1.0,35.0,T2,64.62532,Pre
2.0,2.0,1.0,36.0,T2,54.020065,Pre
2.0,2.0,1.0,37.0,T1,68.03163,Pre
2.0,2.0,2.0,1.0,Control,59.18155,Pre
2.0,2.0,2.0,2.0,Control,58.08466,Pre
2.0,2.0,2.0,3.0,Control,42.887486,Pre
2.0,2.0,2.0,4.0,Control,64.80213,Pre
2.0,2.0,2.0,5.0,Control,45.24573,Pre
2.0,2.0,2.0,6.0,Control,54.87749,Pre
2.0,2.0,2.0,7.0,Control,50.560192,Pre
2.0,2.0,2.0,8.0,Control,46.94301,Pre
2.0,2.0,2.0,9.0,Control,42.630505,Pre
2.0,2.0,2.0,10.0,Control,60.36715,Pre
2.0,2.0,2.0,11.0,Control,62.274643,Pre
2.0,2.0,2.0,12.0,Control,57.71858,Pre
2.0,2.0,2.0,13.0,Control,51.031223,Pre
2.0,2.0,2.0,14.0,Control,58.467056,Pre
2.0,2.0,2.0,15.0,Control,54.158848,Pre
2.0,2.0,2.0,16.0,Control,58.33567,Pre
2.0,2.0,2.0,17.0,Control,57.356476,Pre
2.0,2.0,2.0,18.0,Control,42.0056,Pre
2.0,2.0,2.0,19.0,Control,58.97219,Pre
2.0,2.0,2.0,20.0,Control,59.466476,Pre
2.0,2.0,2.0,21.0,Control,62.272476,Pre
2.0,2.0,2.0,22.0,Control,54.40462,Pre
2.0,2.0,2.0,23.0,Control,56.28544,Pre
2.0,2.0,2.0,24.0,Control,52.020737,Pre
2.0,2.0,2.0,25.0,Control,59.90671,Pre
2.0,2.0,2.0,26.0,Control,71.838585,Pre
2.0,2.0,2.0,27.0,Control,52.659225,Pre
2.0,2.0,2.0,28.0,Control,45.268803,Pre
2.0,2.0,2.0,29.0,Control,63.759583,Pre
2.0,2.0,2.0,30.0,Control,59.9313,Pre
2.0,2.0,2.0,31.0,Control,45.50562,Pre
2.0,2.0,2.0,32.0,Control,59.79068,Pre
2.0,2.0,2.0,33.0,Control,34.659466,Pre
2.0,2.0,2.0,34.0,Control,63.322914,Pre
2.0,2.0,2.0,35.0,Control,55.690285,Pre
2.0,2.0,2.0,36.0,Control,67.1303,Pre
2.0,2.0,2.0,37.0,Control,60.06082,Pre
2.0,2.0,2.0,38.0,Control,52.2959,Pre
3.0,1.0,1.0,1.0,T2,50.90735,Pre
3.0,1.0,1.0,2.0,T2,54.33076,Pre
3.0,1.0,1.0,3.0,T2,63.829144,Pre
3.0,1.0,1.0,4.0,T2,72.96321,Pre
3.0,1.0,1.0,5.0,T1,58.22033,Pre
3.0,1.0,1.0,6.0,T1,54.473015,Pre
3.0,1.0,1.0,7.0,T2,54.786377,Pre
3.0,1.0,1.0,8.0,T1,49.1086,Pre
3.0,1.0,1.0,9.0,T1,55.58076,Pre
3.0,1.0,1.0,10.0,T2,59.793053,Pre
3.0,1.0,1.0,11.0,T1,54.911995,Pre
3.0,1.0,1.0,12.0,T1,55.54569,Pre
3.0,1.0,1.0,13.0,T2,53.7749,Pre
3.0,1.0,1.0,14.0,T2,72.784805,Pre
3.0,1.0,1.0,15.0,T2,46.791626,Pre
3.0,1.0,1.0,16.0,T1,37.966568,Pre
3.0,1.0,1.0,17.0,T2,35.73325,Pre
3.0,1.0,1.0,18.0,T1,64.928635,Pre
3.0,1.0,1.0,19.0,T1,46.25792,Pre
3.0,1.0,1.0,20.0,T1,53.454426,Pre
3.0,1.0,1.0,21.0,T2,65.363884,Pre
3.0,1.0,1.0,22.0,T1,68.153206,Pre
3.0,1.0,1.0,23.0,T1,50.81922,Pre
3.0,1.0,1.0,24.0,T2,36.607227,Pre
3.0,1.0,1.0,25.0,T1,55.12865,Pre
3.0,1.0,1.0,26.0,T1,41.01191,Pre
3.0,1.0,1.0,27.0,T2,63.254128,Pre
3.0,1.0,1.0,28.0,T1,58.60117,Pre
3.0,1.0,1.0,29.0,T2,52.289577,Pre
3.0,1.0,1.0,30.0,T2,55.286278,Pre
3.0,1.0,1.0,31.0,T2,56.292347,Pre
3.0,1.0,1.0,32.0,T2,71.2715,Pre
3.0,1.0,1.0,33.0,T1,48.40263,Pre
3.0,1.0,1.0,34.0,T2,50.639668,Pre
3.0,1.0,1.0,35.0,T2,61.499744,Pre
3.0,1.0,1.0,36.0,T1,55.75618,Pre
3.0,1.0,1.0,37.0,T2,42.68057,Pre
3.0,1.0,2.0,1.0,Control,46.14907,Pre
3.0,1.0,2.0,2.0,Control,33.52844,Pre
3.0,1.0,2.0,3.0,Control,55.440426,Pre
3.0,1.0,2.0,4.0,Control,52.902943,Pre
3.0,1.0,2.0,5.0,Control,52.466114,Pre
3.0,1.0,2.0,6.0,Control,60.540447,Pre
3.0,1.0,2.0,7.0,Control,49.047634,Pre
3.0,1.0,2.0,8.0,Control,58.70064,Pre
3.0,1.0,2.0,9.0,Control,40.028946,Pre
3.0,1.0,2.0,10.0,Control,62.88774,Pre
3.0,1.0,2.0,11.0,Control,39.610935,Pre
3.0,1.0,2.0,12.0,Control,34.41822,Pre
3.0,1.0,2.0,13.0,Control,60.60162,Pre
3.0,1.0,2.0,14.0,Control,48.118027,Pre
3.0,1.0,2.0,15.0,Control,50.094296,Pre
3.0,1.0,2.0,16.0,Control,60.28297,Pre
3.0,1.0,2.0,17.0,Control,70.71777,Pre
3.0,1.0,2.0,18.0,Control,65.380005,Pre
3.0,1.0,2.0,19.0,Control,43.27372,Pre
3.0,1.0,2.0,20.0,Control,64.78088,Pre
3.0,1.0,2.0,21.0,Control,55.623463,Pre
3.0,1.0,2.0,22.0,Control,76.90771,Pre
3.0,1.0,2.0,23.0,Control,61.582134,Pre
3.0,1.0,2.0,24.0,Control,50.45125,Pre
3.0,1.0,2.0,25.0,Control,53.319775,Pre
3.0,1.0,2.0,26.0,Control,65.65326,Pre
3.0,1.0,2.0,27.0,Control,57.001415,Pre
3.0,1.0,2.0,28.0,Control,52.635254,Pre
3.0,1.0,2.0,29.0,Control,56.85908,Pre
3.0,1.0,2.0,30.0,Control,53.542564,Pre
3.0,1.0,2.0,31.0,Control,38.97416,Pre
3.0,1.0,2.0,32.0,Control,47.356518,Pre
3.0,1.0,2.0,33.0,Control,66.72641,Pre
3.0,1.0,2.0,34.0,Control,53.200233,Pre
3.0,1.0,2.0,35.0,Control,51.941074,Pre
3.0,1.0,2.0,36.0,Control,73.10424,Pre
3.0,1.0,2.0,37.0,Control,48.959545,Pre
3.0,1.0,2.0,38.0,Control,49.16021,Pre
3.0,2.0,1.0,1.0,T2,50.12186,Pre
3.0,2.0,1.0,2.0,T2,65.30521,Pre
3.0,2.0,1.0,3.0,T1,46.281464,Pre
3.0,2.0,1.0,4.0,T2,39.49871,Pre
3.0,2.0,1.0,5.0,T1,42.3939,Pre
3.0,2.0,1.0,6.0,T1,51.636765,Pre
3.0,2.0,1.0,7.0,T1,63.755257,Pre
3.0,2.0,1.0,8.0,T1,69.30861,Pre
3.0,2.0,1.0,9.0,T2,36.000725,Pre
3.0,2.0,1.0,10.0,T2,47.480896,Pre
3.0,2.0,1.0,11.0,T1,46.578083,Pre
3.0,2.0,1.0,12.0,T2,48.799633,Pre
3.0,2.0,1.0,13.0,T1,53.13741,Pre
3.0,2.0,1.0,14.0,T2,52.973232,Pre
3.0,2.0,1.0,15.0,T2,49.850277,Pre
3.0,2.0,1.0,16.0,T2,55.971203,Pre
3.0,2.0,1.0,17.0,T1,29.281214,Pre
3.0,2.0,1.0,18.0,T1,51.583725,Pre
3.0,2.0,1.0,19.0,T2,69.96527,Pre
3.0,2.0,1.0,20.0,T1,74.885925,Pre
3.0,2.0,1.0,21.0,T1,59.1397,Pre
3.0,2.0,1.0,22.0,T2,46.823555,Pre
3.0,2.0,1.0,23.0,T2,85.26148,Pre
3.0,2.0,1.0,24.0,T2,52.699657,Pre
3.0,2.0,1.0,25.0,T1,46.578796,Pre
3.0,2.0,1.0,26.0,T2,58.703342,Pre
3.0,2.0,1.0,27.0,T1,54.02446,Pre
3.0,2.0,1.0,28.0,T2,30.989109,Pre
3.0,2.0,1.0,29.0,T2,53.96815,Pre
3.0,2.0,1.0,30.0,T1,62.03595,Pre
3.0,2.0,1.0,31.0,T1,49.307842,Pre
3.0,2.0,1.0,32.0,T2,50.096233,Pre
3.0,2.0,1.0,33.0,T2,53.46713,Pre
3.0,2.0,1.0,34.0,T1,67.05553,Pre
3.0,2.0,1.0,35.0,T1,48.898735,Pre
3.0,2.0,1.0,36.0,T2,56.799545,Pre
3.0,2.0,1.0,37.0,T2,53.2494,Pre
3.0,2.0,2.0,1.0,Control,62.88427,Pre
3.0,2.0,2.0,2.0,Control,74.075195,Pre
3.0,2.0,2.0,3.0,Control,68.4629,Pre
3.0,2.0,2.0,4.0,Control,56.09591,Pre
3.0,2.0,2.0,5.0,Control,57.592773,Pre
3.0,2.0,2.0,6.0,Control,72.15917,Pre
3.0,2.0,2.0,7.0,Control,49.849247,Pre
3.0,2.0,2.0,8.0,Control,63.038612,Pre
3.0,2.0,2.0,9.0,Control,68.88617,Pre
3.0,2.0,2.0,10.0,Control,55.3631,Pre
3.0,2.0,2.0,11.0,Control,41.687145,Pre
3.0,2.0,2.0,12.0,Control,45.683468,Pre
3.0,2.0,2.0,13.0,Control,56.311058,Pre
3.0,2.0,2.0,14.0,Control,44.989628,Pre
3.0,2.0,2.0,15.0,Control,54.611446,Pre
3.0,2.0,2.0,16.0,Control,58.022514,Pre
3.0,2.0,2.0,17.0,Control,65.66921,Pre
3.0,2.0,2.0,18.0,Control,54.257347,Pre
3.0,2.0,2.0,19.0,Control,56.130417,Pre
3.0,2.0,2.0,20.0,Control,46.68006,Pre
3.0,2.0,2.0,21.0,Control,34.029945,Pre
3.0,2.0,2.0,22.0,Control,38.79766,Pre
3.0,2.0,2.0,23.0,Control,73.27153,Pre
3.0,2.0,2.0,24.0,Control,19.078695,Pre
3.0,2.0,2.0,25.0,Control,53.089504,Pre
3.0,2.0,2.0,26.0,Control,79.95415,Pre
3.0,2.0,2.0,27.0,Control,49.880695,Pre
3.0,2.0,2.0,28.0,Control,56.764923,Pre
3.0,2.0,2.0,29.0,Control,57.853813,Pre
3.0,2.0,2.0,30.0,Control,61.688637,Pre
3.0,2.0,2.0,31.0,Control,57.1567,Pre
3.0,2.0,2.0,32.0,Control,59.403156,Pre
3.0,2.0,2.0,33.0,Control,63.86263,Pre
3.0,2.0,2.0,34.0,Control,56.361824,Pre
3.0,2.0,2.0,35.0,Control,33.539276,Pre
3.0,2.0,2.0,36.0,Control,25.65549,Pre
3.0,2.0,2.0,37.0,Control,54.92002,Pre
3.0,2.0,2.0,38.0,Control,39.199352,Pre
4.0,1.0,1.0,1.0,T1,51.27277,Pre
4.0,1.0,1.0,2.0,T2,65.240074,Pre
4.0,1.0,1.0,3.0,T1,47.7725,Pre
4.0,1.0,1.0,4.0,T2,64.42809,Pre
4.0,1.0,1.0,5.0,T1,67.6591,Pre
4.0,1.0,1.0,6.0,T1,71.310265,Pre
4.0,1.0,1.0,7.0,T2,65.75458,Pre
4.0,1.0,1.0,8.0,T1,58.473644,Pre
4.0,1.0,1.0,9.0,T2,70.6507,Pre
4.0,1.0,1.0,10.0,T2,57.660885,Pre
4.0,1.0,1.0,11.0,T2,43.47109,Pre
4.0,1.0,1.0,12.0,T2,52.457726,Pre
4.0,1.0,1.0,13.0,T2,53.04264,Pre
4.0,1.0,1.0,14.0,T1,61.758728,Pre
4.0,1.0,1.0,15.0,T1,65.83101,Pre
4.0,1.0,1.0,16.0,T2,54.750347,Pre
4.0,1.0,1.0,17.0,T1,60.32702,Pre
4.0,1.0,1.0,18.0,T1,73.41546,Pre
4.0,1.0,1.0,19.0,T1,48.132416,Pre
4.0,1.0,1.0,20.0,T1,62.24011,Pre
4.0,1.0,1.0,21.0,T2,41.533073,Pre
4.0,1.0,1.0,22.0,T2,46.400135,Pre
4.0,1.0,1.0,23.0,T1,56.85221,Pre
4.0,1.0,1.0,24.0,T1,58.904675,Pre
4.0,1.0,1.0,25.0,T1,57.198643,Pre
4.0,1.0,1.0,26.0,T2,59.218517,Pre
4.0,1.0,1.0,27.0,T1,62.501564,Pre
4.0,1.0,1.0,28.0,T2,51.242096,Pre
4.0,1.0,1.0,29.0,T2,63.34761,Pre
4.0,1.0,1.0,30.0,T2,54.02217,Pre
4.0,1.0,1.0,31.0,T2,42.349567,Pre
4.0,1.0,1.0,32.0,T1,47.16147,Pre
4.0,1.0,1.0,33.0,T1,71.19074,Pre
4.0,1.0,1.0,34.0,T2,64.7482,Pre
4.0,1.0,1.0,35.0,T2,48.917366,Pre
4.0,1.0,1.0,36.0,T2,54.878796,Pre
4.0,1.0,1.0,37.0,T2,77.89659,Pre
4.0,1.0,2.0,1.0,Control,57.00414,Pre
4.0,1.0,2.0,2.0,Control,49.247562,Pre
4.0,1.0,2.0,3.0,Control,53.24979,Pre
4.0,1.0,2.0,4.0,Control,56.636066,Pre
4.0,1.0,2.0,5.0,Control,42.01093,Pre
4.0,1.0,2.0,6.0,Control,73.69191,Pre
4.0,1.0,2.0,7.0,Control,55.092808,Pre
4.0,1.0,2.0,8.0,Control,47.59052,Pre
4.0,1.0,2.0,9.0,Control,48.027283,Pre
4.0,1.0,2.0,10.0,Control,40.000496,Pre
4.0,1.0,2.0,11.0,Control,48.791775,Pre
4.0,1.0,2.0,12.0,Control,60.578556,Pre
4.0,1.0,2.0,13.0,Control,42.197308,Pre
4.0,1.0,2.0,14.0,Control,44.414417,Pre
4.0,1.0,2.0,15.0,Control,65.450165,Pre
4.0,1.0,2.0,16.0,Control,47.0053,Pre
4.0,1.0,2.0,17.0,Control,50.300022,Pre
4.0,1.0,2.0,18.0,Control,61.874912,Pre
4.0,1.0,2.0,19.0,Control,63.65995,Pre
4.0,1.0,2.0,20.0,Control,64.41245,Pre
4.0,1.0,2.0,21.0,Control,51.70457,Pre
4.0,1.0,2.0,22.0,Control,68.65375,Pre
4.0,1.0,2.0,23.0,Control,38.442295,Pre
4.0,1.0,2.0,24.0,Control,62.293808,Pre
4.0,1.0,2.0,25.0,Control,61.956303,Pre
4.0,1.0,2.0,26.0,Control,60.52973,Pre
4.0,1.0,2.0,27.0,Control,50.583843,Pre
4.0,1.0,2.0,28.0,Control,47.17385,Pre
4.0,1.0,2.0,29.0,Control,71.224236,Pre
4.0,1.0,2.0,30.0,Control,37.579723,Pre
4.0,1.0,2.0,31.0,Control,62.67911,Pre
4.0,1.0,2.0,32.0,Control,56.725132,Pre
4.0,1.0,2.0,33.0,Control,59.74346,Pre
4.0,1.0,2.0,34.0,Control,64.1072,Pre
4.0,1.0,2.0,35.0,Control,61.11556,Pre
4.0,1.0,2.0,36.0,Control,82.5238,Pre
4.0,1.0,2.0,37.0,Control,42.246235,Pre
4.0,1.0,2.0,38.0,Control,53.006474,Pre
4.0,2.0,1.0,1.0,T1,49.732533,Pre
4.0,2.0,1.0,2.0,T2,44.06149,Pre
4.0,2.0,1.0,3.0,T1,55.61532,Pre
4.0,2.0,1.0,4.0,T2,67.01386,Pre
4.0,2.0,1.0,5.0,T2,53.57862,Pre
4.0,2.0,1.0,6.0,T1,49.19998,Pre
4.0,2.0,1.0,7.0,T2,49.844494,Pre
4.0,2.0,1.0,8.0,T2,64.3287,Pre
4.0,2.0,1.0,9.0,T1,40.47811,Pre
4.0,2.0,1.0,10.0,T2,42.492065,Pre
4.0,2.0,1.0,11.0,T1,48.901535,Pre
4.0,2.0,1.0,12.0,T1,71.45596,Pre
4.0,2.0,1.0,13.0,T2,58.825714,Pre
4.0,2.0,1.0,14.0,T1,55.11817,Pre
4.0,2.0,1.0,15.0,T2,43.997982,Pre
4.0,2.0,1.0,16.0,T2,60.23902,Pre
4.0,2.0,1.0,17.0,T2,48.331055,Pre
4.0,2.0,1.0,18.0,T1,61.609386,Pre
4.0,2.0,1.0,19.0,T2,52.64216,Pre
4.0,2.0,1.0,20.0,T2,54.956753,Pre
4.0,2.0,1.0,21.0,T1,56.16337,Pre
4.0,2.0,1.0,22.0,T1,52.25555,Pre
4.0,2.0,1.0,23.0,T2,50.02168,Pre
4.0,2.0,1.0,24.0,T2,54.444164,Pre
4.0,2.0,1.0,25.0,T2,53.64973,Pre
4.0,2.0,1.0,26.0,T2,53.800957,Pre
4.0,2.0,1.0,27.0,T2,55.888092,Pre
4.0,2.0,1.0,28.0,T1,48.997494,Pre
4.0,2.0,1.0,29.0,T1,60.974808,Pre
4.0,2.0,1.0,30.0,T1,42.037884,Pre
4.0,2.0,1.0,31.0,T1,66.166016,Pre
4.0,2.0,1.0,32.0,T2,61.259186,Pre
4.0,2.0,1.0,33.0,T2,57.544308,Pre
4.0,2.0,1.0,34.0,T1,55.214844,Pre
4.0,2.0,1.0,35.0,T2,59.058964,Pre
4.0,2.0,1.0,36.0,T1,55.08214,Pre
4.0,2.0,1.0,37.0,T1,76.36602,Pre
4.0,2.0,2.0,1.0,Control,49.728214,Pre
4.0,2.0,2.0,2.0,Control,42.35158,Pre
4.0,2.0,2.0,3.0,Control,63.990948,Pre
4.0,2.0,2.0,4.0,Control,45.953568,Pre
4.0,2.0,2.0,5.0,Control,45.182785,Pre
4.0,2.0,2.0,6.0,Control,58.61209,Pre
4.0,2.0,2.0,7.0,Control,67.96209,Pre
4.0,2.0,2.0,8.0,Control,58.37557,Pre
4.0,2.0,2.0,9.0,Control,53.162533,Pre
4.0,2.0,2.0,10.0,Control,52.577667,Pre
4.0,2.0,2.0,11.0,Control,59.07217,Pre
4.0,2.0,2.0,12.0,Control,42.435078,Pre
4.0,2.0,2.0,13.0,Control,59.040443,Pre
4.0,2.0,2.0,14.0,Control,69.60467,Pre
4.0,2.0,2.0,15.0,Control,46.395527,Pre
4.0,2.0,2.0,16.0,Control,45.61001,Pre
4.0,2.0,2.0,17.0,Control,36.39351,Pre
4.0,2.0,2.0,18.0,Control,65.972786,Pre
4.0,2.0,2.0,19.0,Control,57.397842,Pre
4.0,2.0,2.0,20.0,Control,60.70661,Pre
4.0,2.0,2.0,21.0,Control,70.26972,Pre
4.0,2.0,2.0,22.0,Control,51.39076,Pre
4.0,2.0,2.0,23.0,Control,68.739784,Pre
4.0,2.0,2.0,24.0,Control,34.35589,Pre
4.0,2.0,2.0,25.0,Control,76.75351,Pre
4.0,2.0,2.0,26.0,Control,51.701725,Pre
4.0,2.0,2.0,27.0,Control,51.325336,Pre
4.0,2.0,2.0,28.0,Control,69.61074,Pre
4.0,2.0,2.0,29.0,Control,53.006138,Pre
4.0,2.0,2.0,30.0,Control,63.298065,Pre
4.0,2.0,2.0,31.0,Control,74.06479,Pre
4.0,2.0,2.0,32.0,Control,44.209343,Pre
4.0,2.0,2.0,33.0,Control,52.8518,Pre
4.0,2.0,2.0,34.0,Control,52.28962,Pre
4.0,2.0,2.0,35.0,Control,62.035748,Pre
4.0,2.0,2.0,36.0,Control,69.019264,Pre
4.0,2.0,2.0,37.0,Control,56.82656,Pre
4.0,2.0,2.0,38.0,Control,57.71356,Pre
5.0,1.0,1.0,1.0,T2,87.44307,Pre
5.0,1.0,1.0,2.0,T1,61.186893,Pre
5.0,1.0,1.0,3.0,T2,52.627857,Pre
5.0,1.0,1.0,4.0,T1,60.858467,Pre
5.0,1.0,1.0,5.0,T1,44.220825,Pre
5.0,1.0,1.0,6.0,T2,62.301956,Pre
5.0,1.0,1.0,7.0,T1,61.74185,Pre
5.0,1.0,1.0,8.0,T1,66.71538,Pre
5.0,1.0,1.0,9.0,T2,61.09088,Pre
5.0,1.0,1.0,10.0,T2,52.78582,Pre
5.0,1.0,1.0,11.0,T2,64.81479,Pre
5.0,1.0,1.0,12.0,T1,53.562065,Pre
5.0,1.0,1.0,13.0,T1,46.659443,Pre
5.0,1.0,1.0,14.0,T2,47.790424,Pre
5.0,1.0,1.0,15.0,T1,48.94816,Pre
5.0,1.0,1.0,16.0,T1,58.36897,Pre
5.0,1.0,1.0,17.0,T1,68.86148,Pre
5.0,1.0,1.0,18.0,T1,72.83542,Pre
5.0,1.0,1.0,19.0,T2,68.13337,Pre
5.0,1.0,1.0,20.0,T2,59.064026,Pre
5.0,1.0,1.0,21.0,T2,52.536907,Pre
5.0,1.0,1.0,22.0,T2,57.570972,Pre
5.0,1.0,1.0,23.0,T1,61.995075,Pre
5.0,1.0,1.0,24.0,T1,68.277084,Pre
5.0,1.0,1.0,25.0,T2,58.144306,Pre
5.0,1.0,1.0,26.0,T1,60.229145,Pre
5.0,1.0,1.0,27.0,T2,54.39785,Pre
5.0,1.0,1.0,28.0,T2,41.03903,Pre
5.0,1.0,1.0,29.0,T2,51.846413,Pre
5.0,1.0,1.0,30.0,T1,69.011986,Pre
5.0,1.0,1.0,31.0,T1,60.340294,Pre
5.0,1.0,1.0,32.0,T2,54.153416,Pre
5.0,1.0,1.0,33.0,T2,45.905872,Pre
5.0,1.0,1.0,34.0,T1,56.321625,Pre
5.0,1.0,1.0,35.0,T2,76.55134,Pre
5.0,1.0,1.0,36.0,T2,56.552147,Pre
5.0,1.0,1.0,37.0,T2,46.7895,Pre
5.0,1.0,2.0,1.0,Control,52.672558,Pre
5.0,1.0,2.0,2.0,Control,62.941723,Pre
5.0,1.0,2.0,3.0,Control,63.6188,Pre
5.0,1.0,2.0,4.0,Control,82.00987,Pre
5.0,1.0,2.0,5.0,Control,56.4247,Pre
5.0,1.0,2.0,6.0,Control,47.705505,Pre
5.0,1.0,2.0,7.0,Control,50.258587,Pre
5.0,1.0,2.0,8.0,Control,58.877697,Pre
5.0,1.0,2.0,9.0,Control,40.236523,Pre
5.0,1.0,2.0,10.0,Control,54.261154,Pre
5.0,1.0,2.0,11.0,Control,60.13425,Pre
5.0,1.0,2.0,12.0,Control,51.73207,Pre
5.0,1.0,2.0,13.0,Control,65.99005,Pre
5.0,1.0,2.0,14.0,Control,58.239494,Pre
5.0,1.0,2.0,15.0,Control,58.50161,Pre
5.0,1.0,2.0,16.0,Control,55.322292,Pre
5.0,1.0,2.0,17.0,Control,63.36292,Pre
5.0,1.0,2.0,18.0,Control,50.41133,Pre
5.0,1.0,2.0,19.0,Control,50.138504,Pre
5.0,1.0,2.0,20.0,Control,61.43628,Pre
5.0,1.0,2.0,21.0,Control,64.09388,Pre
5.0,1.0,2.0,22.0,Control,56.847828,Pre
5.0,1.0,2.0,23.0,Control,58.00686,Pre
5.0,1.0,2.0,24.0,Control,57.06995,Pre
5.0,1.0,2.0,25.0,Control,46.04305,Pre
5.0,1.0,2.0,26.0,Control,58.01799,Pre
5.0,1.0,2.0,27.0,Control,68.3079,Pre
5.0,1.0,2.0,28.0,Control,48.127083,Pre
5.0,1.0,2.0,29.0,Control,52.147587,Pre
5.0,1.0,2.0,30.0,Control,68.90886,Pre
5.0,1.0,2.0,31.0,Control,51.351803,Pre
5.0,1.0,2.0,32.0,Control,40.214462,Pre
5.0,1.0,2.0,33.0,Control,60.83101,Pre
5.0,1.0,2.0,34.0,Control,44.394688,Pre
5.0,1.0,2.0,35.0,Control,63.14418,Pre
5.0,1.0,2.0,36.0,Control,46.68734,Pre
5.0,1.0,2.0,37.0,Control,55.102264,Pre
5.0,1.0,2.0,38.0,Control,67.64135,Pre
5.0,2.0,1.0,1.0,T1,47.905712,Pre
5.0,2.0,1.0,2.0,T2,50.83124,Pre
5.0,2.0,1.0,3.0,T2,54.69127,Pre
5.0,2.0,1.0,4.0,T2,67.612946,Pre
5.0,2.0,1.0,5.0,T2,44.118294,Pre
5.0,2.0,1.0,6.0,T1,58.054836,Pre
5.0,2.0,1.0,7.0,T1,49.286766,Pre
5.0,2.0,1.0,8.0,T2,65.72218,Pre
5.0,2.0,1.0,9.0,T2,55.535686,Pre
5.0,2.0,1.0,10.0,T2,53.36325,Pre
5.0,2.0,1.0,11.0,T2,25.56179,Pre
5.0,2.0,1.0,12.0,T2,48.50469,Pre
5.0,2.0,1.0,13.0,T1,44.779755,Pre
5.0,2.0,1.0,14.0,T1,60.035213,Pre
5.0,2.0,1.0,15.0,T2,62.159622,Pre
5.0,2.0,1.0,16.0,T2,68.19976,Pre
5.0,2.0,1.0,17.0,T1,60.850082,Pre
5.0,2.0,1.0,18.0,T1,47.72863,Pre
5.0,2.0,1.0,19.0,T2,54.79945,Pre
5.0,2.0,1.0,20.0,T2,53.34538,Pre
5.0,2.0,1.0,21.0,T2,61.578224,Pre
5.0,2.0,1.0,22.0,T1,56.60004,Pre
5.0,2.0,1.0,23.0,T1,57.971222,Pre
5.0,2.0,1.0,24.0,T2,49.62494,Pre
5.0,2.0,1.0,25.0,T2,64.5888,Pre
5.0,2.0,1.0,26.0,T1,70.932655,Pre
5.0,2.0,1.0,27.0,T2,64.075905,Pre
5.0,2.0,1.0,28.0,T1,53.424454,Pre
5.0,2.0,1.0,29.0,T2,65.45466,Pre
5.0,2.0,1.0,30.0,T1,47.03192,Pre
5.0,2.0,1.0,31.0,T1,53.547367,Pre
5.0,2.0,1.0,32.0,T1,48.5823,Pre
5.0,2.0,1.0,33.0,T2,40.896973,Pre
5.0,2.0,1.0,34.0,T1,63.589916,Pre
5.0,2.0,1.0,35.0,T2,61.192505,Pre
5.0,2.0,1.0,36.0,T1,46.212803,Pre
5.0,2.0,1.0,37.0,T1,47.933853,Pre
5.0,2.0,2.0,1.0,Control,68.51338,Pre
5.0,2.0,2.0,2.0,Control,62.350136,Pre
5.0,2.0,2.0,3.0,Control,55.035843,Pre
5.0,2.0,2.0,4.0,Control,64.016235,Pre
5.0,2.0,2.0,5.0,Control,71.532524,Pre
5.0,2.0,2.0,6.0,Control,42.470463,Pre
5.0,2.0,2.0,7.0,Control,60.74848,Pre
5.0,2.0,2.0,8.0,Control,59.851112,Pre
5.0,2.0,2.0,9.0,Control,42.944073,Pre
5.0,2.0,2.0,10.0,Control,52.137836,Pre
5.0,2.0,2.0,11.0,Control,41.670994,Pre
5.0,2.0,2.0,12.0,Control,64.54817,Pre
5.0,2.0,2.0,13.0,Control,43.566242,Pre
5.0,2.0,2.0,14.0,Control,35.34444,Pre
5.0,2.0,2.0,15.0,Control,55.07451,Pre
5.0,2.0,2.0,16.0,Control,70.55569,Pre
5.0,2.0,2.0,17.0,Control,63.60897,Pre
5.0,2.0,2.0,18.0,Control,54.873795,Pre
5.0,2.0,2.0,19.0,Control,50.407387,Pre
5.0,2.0,2.0,20.0,Control,41.056213,Pre
5.0,2.0,2.0,21.0,Control,77.25821,Pre
5.0,2.0,2.0,22.0,Control,47.561314,Pre
5.0,2.0,2.0,23.0,Control,80.66378,Pre
5.0,2.0,2.0,24.0,Control,66.145485,Pre
5.0,2.0,2.0,25.0,Control,48.504177,Pre
5.0,2.0,2.0,26.0,Control,50.532463,Pre
5.0,2.0,2.0,27.0,Control,49.792114,Pre
5.0,2.0,2.0,28.0,Control,56.40917,Pre
5.0,2.0,2.0,29.0,Control,44.24501,Pre
5.0,2.0,2.0,30.0,Control,55.3589,Pre
5.0,2.0,2.0,31.0,Control,46.825714,Pre
5.0,2.0,2.0,32.0,Control,59.712997,Pre
5.0,2.0,2.0,33.0,Control,57.35717,Pre
5.0,2.0,2.0,34.0,Control,52.727562,Pre
5.0,2.0,2.0,35.0,Control,58.00549,Pre
5.0,2.0,2.0,36.0,Control,73.5384,Pre
5.0,2.0,2.0,37.0,Control,54.01792,Pre
5.0,2.0,2.0,38.0,Control,55.484642,Pre
6.0,1.0,1.0,1.0,T2,60.93534,Pre
6.0,1.0,1.0,2.0,T1,54.63294,Pre
6.0,1.0,1.0,3.0,T2,80.708275,Pre
6.0,1.0,1.0,4.0,T2,37.359203,Pre
6.0,1.0,1.0,5.0,T2,64.58098,Pre
6.0,1.0,1.0,6.0,T1,43.79582,Pre
6.0,1.0,1.0,7.0,T2,82.492256,Pre
6.0,1.0,1.0,8.0,T2,48.6993,Pre
6.0,1.0,1.0,9.0,T2,40.911297,Pre
6.0,1.0,1.0,10.0,T1,37.776703,Pre
6.0,1.0,1.0,11.0,T1,60.43302,Pre
6.0,1.0,1.0,12.0,T1,58.93394,Pre
6.0,1.0,1.0,13.0,T2,39.04063,Pre
6.0,1.0,1.0,14.0,T1,46.900368,Pre
6.0,1.0,1.0,15.0,T2,61.693443,Pre
6.0,1.0,1.0,16.0,T1,50.258965,Pre
6.0,1.0,1.0,17.0,T2,53.529182,Pre
6.0,1.0,1.0,18.0,T2,56.386192,Pre
6.0,1.0,1.0,19.0,T2,57.95754,Pre
6.0,1.0,1.0,20.0,T1,74.49337,Pre
6.0,1.0,1.0,21.0,T2,43.486576,Pre
6.0,1.0,1.0,22.0,T1,50.284184,Pre
6.0,1.0,1.0,23.0,T1,69.448784,Pre
6.0,1.0,1.0,24.0,T1,37.891987,Pre
6.0,1.0,1.0,25.0,T1,41.89706,Pre
6.0,1.0,1.0,26.0,T1,51.298237,Pre
6.0,1.0,1.0,27.0,T1,57.046837,Pre
6.0,1.0,1.0,28.0,T2,43.75906,Pre
6.0,1.0,1.0,29.0,T1,43.3948,Pre
6.0,1.0,1.0,30.0,T2,65.46677,Pre
6.0,1.0,1.0,31.0,T2,58.25272,Pre
6.0,1.0,1.0,32.0,T1,52.487625,Pre
6.0,1.0,1.0,33.0,T2,61.954773,Pre
6.0,1.0,1.0,34.0,T1,63.414345,Pre
6.0,1.0,1.0,35.0,T2,50.252003,Pre
6.0,1.0,1.0,36.0,T2,60.92125,Pre
6.0,1.0,1.0,37.0,T2,55.751812,Pre
6.0,1.0,2.0,1.0,Control,58.877285,Pre
6.0,1.0,2.0,2.0,Control,64.0897,Pre
6.0,1.0,2.0,3.0,Control,58.592068,Pre
6.0,1.0,2.0,4.0,Control,67.63815,Pre
6.0,1.0,2.0,5.0,Control,60.787064,Pre
6.0,1.0,2.0,6.0,Control,68.99643,Pre
6.0,1.0,2.0,7.0,Control,53.805508,Pre
6.0,1.0,2.0,8.0,Control,35.791912,Pre
6.0,1.0,2.0,9.0,Control,74.83596,Pre
6.0,1.0,2.0,10.0,Control,69.57427,Pre
6.0,1.0,2.0,11.0,Control,60.633137,Pre
6.0,1.0,2.0,12.0,Control,74.57375,Pre
6.0,1.0,2.0,13.0,Control,66.36883,Pre
6.0,1.0,2.0,14.0,Control,52.432487,Pre
6.0,1.0,2.0,15.0,Control,46.161148,Pre
6.0,1.0,2.0,16.0,Control,40.825813,Pre
6.0,1.0,2.0,17.0,Control,63.059776,Pre
6.0,1.0,2.0,18.0,Control,62.744793,Pre
6.0,1.0,2.0,19.0,Control,31.933067,Pre
6.0,1.0,2.0,20.0,Control,67.19018,Pre
6.0,1.0,2.0,21.0,Control,48.366238,Pre
6.0,1.0,2.0,22.0,Control,52.154785,Pre
6.0,1.0,2.0,23.0,Control,37.39175,Pre
6.0,1.0,2.0,24.0,Control,56.68568,Pre
6.0,1.0,2.0,25.0,Control,52.763313,Pre
6.0,1.0,2.0,26.0,Control,60.76768,Pre
6.0,1.0,2.0,27.0,Control,86.86542,Pre
6.0,1.0,2.0,28.0,Control,46.1476,Pre
6.0,1.0,2.0,29.0,Control,56.689686,Pre
6.0,1.0,2.0,30.0,Control,47.341187,Pre
6.0,1.0,2.0,31.0,Control,66.94188,Pre
6.0,1.0,2.0,32.0,Control,55.81018,Pre
6.0,1.0,2.0,33.0,Control,54.52798,Pre
6.0,1.0,2.0,34.0,Control,51.927475,Pre
6.0,1.0,2.0,35.0,Control,36.666843,Pre
6.0,1.0,2.0,36.0,Control,55.29836,Pre
6.0,1.0,2.0,37.0,Control,55.064903,Pre
6.0,1.0,2.0,38.0,Control,60.04265,Pre
6.0,2.0,1.0,1.0,T2,59.49679,Pre
6.0,2.0,1.0,2.0,T1,52.841343,Pre
6.0,2.0,1.0,3.0,T2,53.279453,Pre
6.0,2.0,1.0,4.0,T2,72.0628,Pre
6.0,2.0,1.0,5.0,T1,81.62303,Pre
6.0,2.0,1.0,6.0,T2,33.633533,Pre
6.0,2.0,1.0,7.0,T2,43.950947,Pre
6.0,2.0,1.0,8.0,T2,61.535114,Pre
6.0,2.0,1.0,9.0,T2,52.420395,Pre
6.0,2.0,1.0,10.0,T1,70.402176,Pre
6.0,2.0,1.0,11.0,T1,44.25646,Pre
6.0,2.0,1.0,12.0,T2,39.29798,Pre
6.0,2.0,1.0,13.0,T2,31.669859,Pre
6.0,2.0,1.0,14.0,T2,55.112,Pre
6.0,2.0,1.0,15.0,T1,39.227528,Pre
6.0,2.0,1.0,16.0,T1,53.47196,Pre
6.0,2.0,1.0,17.0,T1,42.559814,Pre
6.0,2.0,1.0,18.0,T2,32.929928,Pre
6.0,2.0,1.0,19.0,T1,43.639187,Pre
6.0,2.0,1.0,20.0,T1,52.91522,Pre
6.0,2.0,1.0,21.0,T2,68.050606,Pre
6.0,2.0,1.0,22.0,T1,45.420094,Pre
6.0,2.0,1.0,23.0,T2,53.9023,Pre
6.0,2.0,1.0,24.0,T2,51.94108,Pre
6.0,2.0,1.0,25.0,T2,56.365974,Pre
6.0,2.0,1.0,26.0,T2,46.273254,Pre
6.0,2.0,1.0,27.0,T2,51.40818,Pre
6.0,2.0,1.0,28.0,T2,38.649544,Pre
6.0,2.0,1.0,29.0,T1,44.870796,Pre
6.0,2.0,1.0,30.0,T1,45.02765,Pre
6.0,2.0,1.0,31.0,T2,49.268005,Pre
6.0,2.0,1.0,32.0,T1,63.9669,Pre
6.0,2.0,1.0,33.0,T1,49.58267,Pre
6.0,2.0,1.0,34.0,T1,44.081528,Pre
6.0,2.0,1.0,35.0,T2,54.154053,Pre
6.0,2.0,1.0,36.0,T1,49.237392,Pre
6.0,2.0,1.0,37.0,T1,61.793636,Pre
6.0,2.0,2.0,1.0,Control,43.335533,Pre
6.0,2.0,2.0,2.0,Control,53.58828,Pre
6.0,2.0,2.0,3.0,Control,47.518772,Pre
6.0,2.0,2.0,4.0,Control,60.537674,Pre
6.0,2.0,2.0,5.0,Control,57.96572,Pre
6.0,2.0,2.0,6.0,Control,45.68923,Pre
6.0,2.0,2.0,7.0,Control,58.8361,Pre
6.0,2.0,2.0,8.0,Control,61.757984,Pre
6.0,2.0,2.0,9.0,Control,68.3076,Pre
6.0,2.0,2.0,10.0,Control,46.86464,Pre
6.0,2.0,2.0,11.0,Control,57.722076,Pre
6.0,2.0,2.0,12.0,Control,64.24267,Pre
6.0,2.0,2.0,13.0,Control,54.682987,Pre
6.0,2.0,2.0,14.0,Control,41.032745,Pre
6.0,2.0,2.0,15.0,Control,74.11744,Pre
6.0,2.0,2.0,16.0,Control,40.955185,Pre
6.0,2.0,2.0,17.0,Control,67.813736,Pre
6.0,2.0,2.0,18.0,Control,44.454704,Pre
6.0,2.0,2.0,19.0,Control,53.84335,Pre
6.0,2.0,2.0,20.0,Control,43.830116,Pre
6.0,2.0,2.0,21.0,Control,42.64698,Pre
6.0,2.0,2.0,22.0,Control,41.773987,Pre
6.0,2.0,2.0,23.0,Control,49.229324,Pre
6.0,2.0,2.0,24.0,Control,44.768616,Pre
6.0,2.0,2.0,25.0,Control,35.025963,Pre
6.0,2.0,2.0,26.0,Control,46.81222,Pre
6.0,2.0,2.0,27.0,Control,61.03592,Pre
6.0,2.0,2.0,28.0,Control,44.61597,Pre
6.0,2.0,2.0,29.0,Control,50.205357,Pre
6.0,2.0,2.0,30.0,Control,66.99238,Pre
6.0,2.0,2.0,31.0,Control,34.123062,Pre
6.0,2.0,2.0,32.0,Control,35.510902,Pre
6.0,2.0,2.0,33.0,Control,68.32391,Pre
6.0,2.0,2.0,34.0,Control,54.142548,Pre
6.0,2.0,2.0,35.0,Control,62.49589,Pre
6.0,2.0,2.0,36.0,Control,68.78287,Pre
6.0,2.0,2.0,37.0,Control,53.93743,Pre
6.0,2.0,2.0,38.0,Control,54.83927,Pre
7.0,1.0,1.0,1.0,T1,50.63991,Pre
7.0,1.0,1.0,2.0,T2,47.19254,Pre
7.0,1.0,1.0,3.0,T2,39.353775,Pre
7.0,1.0,1.0,4.0,T2,55.336014,Pre
7.0,1.0,1.0,5.0,T1,49.576817,Pre
7.0,1.0,1.0,6.0,T2,57.962704,Pre
7.0,1.0,1.0,7.0,T2,55.16793,Pre
7.0,1.0,1.0,8.0,T2,46.104347,Pre
7.0,1.0,1.0,9.0,T2,67.41686,Pre
7.0,1.0,1.0,10.0,T1,43.112602,Pre
7.0,1.0,1.0,11.0,T2,56.02341,Pre
7.0,1.0,1.0,12.0,T1,51.874355,Pre
7.0,1.0,1.0,13.0,T2,68.44376,Pre
7.0,1.0,1.0,14.0,T1,45.131065,Pre
7.0,1.0,1.0,15.0,T1,46.683636,Pre
7.0,1.0,1.0,16.0,T1,55.499573,Pre
7.0,1.0,1.0,17.0,T2,61.65407,Pre
7.0,1.0,1.0,18.0,T1,53.74152,Pre
7.0,1.0,1.0,19.0,T1,67.488,Pre
7.0,1.0,1.0,20.0,T1,36.306377,Pre
7.0,1.0,1.0,21.0,T2,53.418907,Pre
7.0,1.0,1.0,22.0,T1,48.773018,Pre
7.0,1.0,1.0,23.0,T2,48.076927,Pre
7.0,1.0,1.0,24.0,T2,26.138924,Pre
7.0,1.0,1.0,25.0,T1,41.428276,Pre
7.0,1.0,1.0,26.0,T1,61.664684,Pre
7.0,1.0,1.0,27.0,T2,51.586685,Pre
7.0,1.0,1.0,28.0,T2,57.85737,Pre
7.0,1.0,1.0,29.0,T1,50.64272,Pre
7.0,1.0,1.0,30.0,T2,45.917423,Pre
7.0,1.0,1.0,31.0,T2,46.106678,Pre
7.0,1.0,1.0,32.0,T1,27.93012,Pre
7.0,1.0,1.0,33.0,T1,60.706867,Pre
7.0,1.0,1.0,34.0,T1,69.97148,Pre
7.0,1.0,1.0,35.0,T2,55.364315,Pre
7.0,1.0,1.0,36.0,T2,27.424635,Pre
7.0,1.0,1.0,37.0,T2,72.022804,Pre
7.0,1.0,2.0,1.0,Control,58.615112,Pre
7.0,1.0,2.0,2.0,Control,53.119385,Pre
7.0,1.0,2.0,3.0,Control,38.871696,Pre
7.0,1.0,2.0,4.0,Control,49.18666,Pre
7.0,1.0,2.0,5.0,Control,50.02832,Pre
7.0,1.0,2.0,6.0,Control,55.473057,Pre
7.0,1.0,2.0,7.0,Control,67.98054,Pre
7.0,1.0,2.0,8.0,Control,68.27751,Pre
7.0,1.0,2.0,9.0,Control,53.604473,Pre
7.0,1.0,2.0,10.0,Control,41.578968,Pre
7.0,1.0,2.0,11.0,Control,54.912712,Pre
7.0,1.0,2.0,12.0,Control,54.465252,Pre
7.0,1.0,2.0,13.0,Control,46.66656,Pre
7.0,1.0,2.0,14.0,Control,53.676216,Pre
7.0,1.0,2.0,15.0,Control,47.39289,Pre
7.0,1.0,2.0,16.0,Control,56.129562,Pre
7.0,1.0,2.0,17.0,Control,63.309406,Pre
7.0,1.0,2.0,18.0,Control,73.04783,Pre
7.0,1.0,2.0,19.0,Control,37.13125,Pre
7.0,1.0,2.0,20.0,Control,33.142315,Pre
7.0,1.0,2.0,21.0,Control,66.812164,Pre
7.0,1.0,2.0,22.0,Control,67.613144,Pre
7.0,1.0,2.0,23.0,Control,80.28303,Pre
7.0,1.0,2.0,24.0,Control,61.957542,Pre
7.0,1.0,2.0,25.0,Control,57.228836,Pre
7.0,1.0,2.0,26.0,Control,69.572464,Pre
7.0,1.0,2.0,27.0,Control,79.54024,Pre
7.0,1.0,2.0,28.0,Control,56.548172,Pre
7.0,1.0,2.0,29.0,Control,54.243267,Pre
7.0,1.0,2.0,30.0,Control,64.81537,Pre
7.0,1.0,2.0,31.0,Control,77.60474,Pre
7.0,1.0,2.0,32.0,Control,57.45414,Pre
7.0,1.0,2.0,33.0,Control,49.199448,Pre
7.0,1.0,2.0,34.0,Control,61.02467,Pre
7.0,1.0,2.0,35.0,Control,67.35874,Pre
7.0,1.0,2.0,36.0,Control,42.707195,Pre
7.0,1.0,2.0,37.0,Control,61.105873,Pre
7.0,1.0,2.0,38.0,Control,64.52601,Pre
7.0,2.0,1.0,1.0,T2,76.35377,Pre
7.0,2.0,1.0,2.0,T2,64.739235,Pre
7.0,2.0,1.0,3.0,T1,38.003674,Pre
7.0,2.0,1.0,4.0,T1,53.0972,Pre
7.0,2.0,1.0,5.0,T2,61.14421,Pre
7.0,2.0,1.0,6.0,T1,31.734358,Pre
7.0,2.0,1.0,7.0,T2,64.716324,Pre
7.0,2.0,1.0,8.0,T1,44.005753,Pre
7.0,2.0,1.0,9.0,T2,70.47236,Pre
7.0,2.0,1.0,10.0,T2,54.44771,Pre
7.0,2.0,1.0,11.0,T1,55.647163,Pre
7.0,2.0,1.0,12.0,T1,40.055527,Pre
7.0,2.0,1.0,13.0,T1,40.639484,Pre
7.0,2.0,1.0,14.0,T2,36.681873,Pre
7.0,2.0,1.0,15.0,T1,60.435703,Pre
7.0,2.0,1.0,16.0,T1,64.091866,Pre
7.0,2.0,1.0,17.0,T1,64.82633,Pre
7.0,2.0,1.0,18.0,T2,56.29034,Pre
7.0,2.0,1.0,19.0,T2,57.11178,Pre
7.0,2.0,1.0,20.0,T2,50.886383,Pre
7.0,2.0,1.0,21.0,T2,52.502983,Pre
7.0,2.0,1.0,22.0,T2,33.982826,Pre
7.0,2.0,1.0,23.0,T2,59.00055,Pre
7.0,2.0,1.0,24.0,T1,51.78532,Pre
7.0,2.0,1.0,25.0,T2,51.26025,Pre
7.0,2.0,1.0,26.0,T2,55.976498,Pre
7.0,2.0,1.0,27.0,T1,58.67411,Pre
7.0,2.0,1.0,28.0,T1,60.886417,Pre
7.0,2.0,1.0,29.0,T1,66.0125,Pre
7.0,2.0,1.0,30.0,T1,66.40482,Pre
7.0,2.0,1.0,31.0,T2,73.41963,Pre
7.0,2.0,1.0,32.0,T1,55.114735,Pre
7.0,2.0,1.0,33.0,T2,71.312035,Pre
7.0,2.0,1.0,34.0,T2,55.68473,Pre
7.0,2.0,1.0,35.0,T1,70.9348,Pre
7.0,2.0,1.0,36.0,T2,49.29963,Pre
7.0,2.0,1.0,37.0,T2,65.07049,Pre
7.0,2.0,2.0,1.0,Control,46.232944,Pre
7.0,2.0,2.0,2.0,Control,37.560715,Pre
7.0,2.0,2.0,3.0,Control,57.831203,Pre
7.0,2.0,2.0,4.0,Control,68.72376,Pre
7.0,2.0,2.0,5.0,Control,57.199238,Pre
7.0,2.0,2.0,6.0,Control,62.48053,Pre
7.0,2.0,2.0,7.0,Control,54.64324,Pre
7.0,2.0,2.0,8.0,Control,63.518776,Pre
7.0,2.0,2.0,9.0,Control,71.54837,Pre
7.0,2.0,2.0,10.0,Control,40.343407,Pre
7.0,2.0,2.0,11.0,Control,62.881985,Pre
7.0,2.0,2.0,12.0,Control,56.04739,Pre
7.0,2.0,2.0,13.0,Control,46.640095,Pre
7.0,2.0,2.0,14.0,Control,69.29489,Pre
7.0,2.0,2.0,15.0,Control,59.764774,Pre
7.0,2.0,2.0,16.0,Control,56.91493,Pre
7.0,2.0,2.0,17.0,Control,43.40149,Pre
7.0,2.0,2.0,18.0,Control,67.41035,Pre
7.0,2.0,2.0,19.0,Control,57.515827,Pre
7.0,2.0,2.0,20.0,Control,43.535923,Pre
7.0,2.0,2.0,21.0,Control,62.573875,Pre
7.0,2.0,2.0,22.0,Control,38.085197,Pre
7.0,2.0,2.0,23.0,Control,54.62741,Pre
7.0,2.0,2.0,24.0,Control,58.42299,Pre
7.0,2.0,2.0,25.0,Control,45.857277,Pre
7.0,2.0,2.0,26.0,Control,45.466736,Pre
7.0,2.0,2.0,27.0,Control,46.560677,Pre
7.0,2.0,2.0,28.0,Control,38.871716,Pre
7.0,2.0,2.0,29.0,Control,59.755646,Pre
7.0,2.0,2.0,30.0,Control,45.663277,Pre
7.0,2.0,2.0,31.0,Control,44.068165,Pre
7.0,2.0,2.0,32.0,Control,71.65306,Pre
7.0,2.0,2.0,33.0,Control,55.22223,Pre
7.0,2.0,2.0,34.0,Control,48.04153,Pre
7.0,2.0,2.0,35.0,Control,68.59407,Pre
7.0,2.0,2.0,36.0,Control,63.47283,Pre
7.0,2.0,2.0,37.0,Control,51.39911,Pre
7.0,2.0,2.0,38.0,Control,81.75416,Pre
8.0,1.0,1.0,1.0,T1,62.507286,Pre
8.0,1.0,1.0,2.0,T2,56.30736,Pre
8.0,1.0,1.0,3.0,T1,53.43524,Pre
8.0,1.0,1.0,4.0,T1,59.85485,Pre
8.0,1.0,1.0,5.0,T2,50.84394,Pre
8.0,1.0,1.0,6.0,T2,40.977467,Pre
8.0,1.0,1.0,7.0,T1,34.658676,Pre
8.0,1.0,1.0,8.0,T2,47.383774,Pre
8.0,1.0,1.0,9.0,T1,46.454254,Pre
8.0,1.0,1.0,10.0,T1,50.795784,Pre
8.0,1.0,1.0,11.0,T2,70.06449,Pre
8.0,1.0,1.0,12.0,T2,69.143135,Pre
8.0,1.0,1.0,13.0,T2,61.331165,Pre
8.0,1.0,1.0,14.0,T2,37.747555,Pre
8.0,1.0,1.0,15.0,T1,43.028664,Pre
8.0,1.0,1.0,16.0,T2,57.83052,Pre
8.0,1.0,1.0,17.0,T2,57.409424,Pre
8.0,1.0,1.0,18.0,T1,40.904743,Pre
8.0,1.0,1.0,19.0,T1,58.20514,Pre
8.0,1.0,1.0,20.0,T1,45.72319,Pre
8.0,1.0,1.0,21.0,T1,59.905144,Pre
8.0,1.0,1.0,22.0,T2,62.060196,Pre
8.0,1.0,1.0,23.0,T2,51.515488,Pre
8.0,1.0,1.0,24.0,T1,67.87021,Pre
8.0,1.0,1.0,25.0,T2,38.012638,Pre
8.0,1.0,1.0,26.0,T1,69.48673,Pre
8.0,1.0,1.0,27.0,T2,54.06228,Pre
8.0,1.0,1.0,28.0,T2,52.854034,Pre
8.0,1.0,1.0,29.0,T2,59.023987,Pre
8.0,1.0,1.0,30.0,T1,56.73315,Pre
8.0,1.0,1.0,31.0,T2,47.889957,Pre
8.0,1.0,1.0,32.0,T2,63.336926,Pre
8.0,1.0,1.0,33.0,T1,52.638306,Pre
8.0,1.0,1.0,34.0,T1,55.426296,Pre
8.0,1.0,1.0,35.0,T1,51.633118,Pre
8.0,1.0,1.0,36.0,T2,50.34225,Pre
8.0,1.0,1.0,37.0,T2,66.09427,Pre
8.0,1.0,2.0,1.0,Control,60.79762,Pre
8.0,1.0,2.0,2.0,Control,53.08328,Pre
8.0,1.0,2.0,3.0,Control,38.67306,Pre
8.0,1.0,2.0,4.0,Control,53.938362,Pre
8.0,1.0,2.0,5.0,Control,41.855576,Pre
8.0,1.0,2.0,6.0,Control,68.6391,Pre
8.0,1.0,2.0,7.0,Control,57.604343,Pre
8.0,1.0,2.0,8.0,Control,53.602383,Pre
8.0,1.0,2.0,9.0,Control,61.3866,Pre
8.0,1.0,2.0,10.0,Control,32.91198,Pre
8.0,1.0,2.0,11.0,Control,38.502323,Pre
8.0,1.0,2.0,12.0,Control,52.773727,Pre
8.0,1.0,2.0,13.0,Control,61.14167,Pre
8.0,1.0,2.0,14.0,Control,67.5977,Pre
8.0,1.0,2.0,15.0,Control,57.957516,Pre
8.0,1.0,2.0,16.0,Control,47.72374,Pre
8.0,1.0,2.0,17.0,Control,52.175667,Pre
8.0,1.0,2.0,18.0,Control,47.875626,Pre
8.0,1.0,2.0,19.0,Control,36.9596,Pre
8.0,1.0,2.0,20.0,Control,55.046085,Pre
8.0,1.0,2.0,21.0,Control,37.382805,Pre
8.0,1.0,2.0,22.0,Control,51.40929,Pre
8.0,1.0,2.0,23.0,Control,41.933456,Pre
8.0,1.0,2.0,24.0,Control,43.492626,Pre
8.0,1.0,2.0,25.0,Control,68.341446,Pre
8.0,1.0,2.0,26.0,Control,29.66333,Pre
8.0,1.0,2.0,27.0,Control,58.88015,Pre
8.0,1.0,2.0,28.0,Control,63.51715,Pre
8.0,1.0,2.0,29.0,Control,58.100822,Pre
8.0,1.0,2.0,30.0,Control,52.564224,Pre
8.0,1.0,2.0,31.0,Control,48.34041,Pre
8.0,1.0,2.0,32.0,Control,59.048195,Pre
8.0,1.0,2.0,33.0,Control,33.78249,Pre
8.0,1.0,2.0,34.0,Control,56.862873,Pre
8.0,1.0,2.0,35.0,Control,56.567722,Pre
8.0,1.0,2.0,36.0,Control,61.125286,Pre
8.0,1.0,2.0,37.0,Control,46.584435,Pre
8.0,1.0,2.0,38.0,Control,50.754692,Pre
8.0,2.0,1.0,1.0,T2,44.380627,Pre
8.0,2.0,1.0,2.0,T1,47.12235,Pre
8.0,2.0,1.0,3.0,T1,50.858105,Pre
8.0,2.0,1.0,4.0,T1,53.35985,Pre
8.0,2.0,1.0,5.0,T2,68.707565,Pre
8.0,2.0,1.0,6.0,T1,47.441345,Pre
8.0,2.0,1.0,7.0,T2,69.65186,Pre
8.0,2.0,1.0,8.0,T1,53.721294,Pre
8.0,2.0,1.0,9.0,T2,63.394947,Pre
8.0,2.0,1.0,10.0,T2,85.56954,Pre
8.0,2.0,1.0,11.0,T2,41.10866,Pre
8.0,2.0,1.0,12.0,T1,53.942142,Pre
8.0,2.0,1.0,13.0,T1,39.387165,Pre
8.0,2.0,1.0,14.0,T2,60.037308,Pre
8.0,2.0,1.0,15.0,T1,49.940983,Pre
8.0,2.0,1.0,16.0,T2,65.14824,Pre
8.0,2.0,1.0,17.0,T1,35.975437,Pre
8.0,2.0,1.0,18.0,T2,54.99475,Pre
8.0,2.0,1.0,19.0,T1,55.536526,Pre
8.0,2.0,1.0,20.0,T1,59.72628,Pre
8.0,2.0,1.0,21.0,T2,79.85513,Pre
8.0,2.0,1.0,22.0,T2,44.20708,Pre
8.0,2.0,1.0,23.0,T2,55.227894,Pre
8.0,2.0,1.0,24.0,T1,49.434204,Pre
8.0,2.0,1.0,25.0,T2,47.962692,Pre
8.0,2.0,1.0,26.0,T1,69.23574,Pre
8.0,2.0,1.0,27.0,T2,64.51772,Pre
8.0,2.0,1.0,28.0,T1,69.42448,Pre
8.0,2.0,1.0,29.0,T2,59.33924,Pre
8.0,2.0,1.0,30.0,T1,56.99011,Pre
8.0,2.0,1.0,31.0,T2,66.45112,Pre
8.0,2.0,1.0,32.0,T1,70.77302,Pre
8.0,2.0,1.0,33.0,T2,47.921112,Pre
8.0,2.0,1.0,34.0,T2,58.516148,Pre
8.0,2.0,1.0,35.0,T2,39.59317,Pre
8.0,2.0,1.0,36.0,T1,71.22026,Pre
8.0,2.0,1.0,37.0,T2,58.2684,Pre
8.0,2.0,2.0,1.0,Control,47.7317,Pre
8.0,2.0,2.0,2.0,Control,53.842262,Pre
8.0,2.0,2.0,3.0,Control,58.7493,Pre
8.0,2.0,2.0,4.0,Control,47.815437,Pre
8.0,2.0,2.0,5.0,Control,51.32916,Pre
8.0,2.0,2.0,6.0,Control,45.69039,Pre
8.0,2.0,2.0,7.0,Control,51.299847,Pre
8.0,2.0,2.0,8.0,Control,62.85698,Pre
8.0,2.0,2.0,9.0,Control,41.040474,Pre
8.0,2.0,2.0,10.0,Control,50.737583,Pre
8.0,2.0,2.0,11.0,Control,45.713688,Pre
8.0,2.0,2.0,12.0,Control,51.358276,Pre
8.0,2.0,2.0,13.0,Control,48.81877,Pre
8.0,2.0,2.0,14.0,Control,62.142284,Pre
8.0,2.0,2.0,15.0,Control,66.01938,Pre
8.0,2.0,2.0,16.0,Control,47.35885,Pre
8.0,2.0,2.0,17.0,Control,65.12187,Pre
8.0,2.0,2.0,18.0,Control,51.312954,Pre
8.0,2.0,2.0,19.0,Control,56.885647,Pre
8.0,2.0,2.0,20.0,Control,48.119236,Pre
8.0,2.0,2.0,21.0,Control,65.55505,Pre
8.0,2.0,2.0,22.0,Control,81.48353,Pre
8.0,2.0,2.0,23.0,Control,52.596714,Pre
8.0,2.0,2.0,24.0,Control,42.72294,Pre
8.0,2.0,2.0,25.0,Control,44.472378,Pre
8.0,2.0,2.0,26.0,Control,41.67364,Pre
8.0,2.0,2.0,27.0,Control,50.4265,Pre
8.0,2.0,2.0,28.0,Control,53.156807,Pre
8.0,2.0,2.0,29.0,Control,47.249126,Pre
8.0,2.0,2.0,30.0,Control,48.55903,Pre
8.0,2.0,2.0,31.0,Control,60.98419,Pre
8.0,2.0,2.0,32.0,Control,75.34463,Pre
8.0,2.0,2.0,33.0,Control,42.3205,Pre
8.0,2.0,2.0,34.0,Control,62.30257,Pre
8.0,2.0,2.0,35.0,Control,54.657104,Pre
8.0,2.0,2.0,36.0,Control,45.524357,Pre
8.0,2.0,2.0,37.0,Control,63.907036,Pre
8.0,2.0,2.0,38.0,Control,48.378475,Pre
